:020000040800F2
:1000000000000220E5230008F51C0008FD1C000884
:10001000051D00080D1D0008151D0008000000004A
:100020000000000000000000000000001D1D00088E
:100030002B1D000800000000391D0008471D0008A6
:10004000352400083524000835240008352400082C
:10005000352400083524000835240008352400081C
:10006000352400083524000835240008352400080C
:1000700035240008352400083524000835240008FC
:1000800035240008352400083524000835240008EC
:1000900035240008352400083524000835240008DC
:1000A00035240008352400083524000835240008CC
:1000B000551D0008352400083524000835240008A3
:1000C00035240008352400083524000835240008AC
:1000D00035240008691D00087D1D0008352400082E
:1000E000352400083524000835240008352400088C
:1000F000352400083524000835240008352400087C
:10010000352400083524000835240008352400086B
:10011000352400083524000835240008352400085B
:10012000911D0008352400083524000835240008F6
:10013000352400083524000835240008352400083B
:10014000352400083524000835240008352400082B
:10015000352400083524000835240008352400081B
:10016000352400083524000835240008352400080B
:10017000352400083524000835240008000000005C
:080180003524000835240008B5
:1001900010B5054C237833B9044B13B10448AFF3C1
:1001A00000800123237010BD6400002000000000C7
:1001B0003C7E000808B5034B1BB103490348AFF36D
:1001C000008008BD00000000680000203C7E0008A0
:1001D000034613F8012B002AFBD1181A0138704787
:1001E00001F0FF01102A2BDB10F0070F08D010F8E8
:1001F000013B013A8B422DD010F0070F42B3F6D1EC
:10020000F0B441EA012141EA014122F007047FF004
:1002100000070023F0E80256083C85EA010586EA5B
:10022000010685FA47F5A3FA87F586FA47F6A5FA97
:1002300087F68EB9EED1F0BC01F0FF0102F00702A3
:1002400032B110F8013B013A83EA010313B1F8D14E
:100250000020704701387047002D06BF354603382F
:10026000073815F0010F07D1013015F4807F02BF68
:10027000013015F4C03F0130F0BC0138704700BFB9
:1002800053B94AB9002908BF00281CBF4FF0FF31FD
:100290004FF0FF3000F06AB9ADF1080C6DE904CE03
:1002A00000F006F8DDF804E0DDE9022304B0704751
:1002B0002DE9F047089D0C46002B4ED194468C4505
:1002C0008646B2FA82F262D94AB1C2F12003914065
:1002D00020FA03F30CFA02FC194300FA02FE4FEA7B
:1002E0001C471FFA8CF6B1FBF7F44FEA1E4307FBDD
:1002F000141143EA014304FB06F199420AD91CEBAD
:10030000030304F1FF3080F01281994240F20F8123
:10031000023C6344591A1FFA8EF3B1FBF7F007FB56
:10032000101143EA014300FB06F69E420AD91CEB7A
:10033000030300F1FF3180F0FC809E4240F2F9801F
:10034000634402389B1B40EA044000211DB1D340A6
:100350000022C5E90032BDE8F0878B4205D90DB116
:10036000C5E9000100210846F5E7B3FA83F1002949
:1003700046D1A34202D39042C0F0F080861A64EBCB
:1003800003030120002DE6D0C5E90063E3E7002A5E
:1003900040F09080A1EB0C044FEA1C481FFA8CF748
:1003A0000121B4FBF8F64FEA1E4308FB164443EA6A
:1003B000044307FB06F0984208D91CEB030306F13F
:1003C000FF3402D2984200F2CD8026461C1A1FFA52
:1003D0008EF3B4FBF8F008FB104443EA044300FB3F
:1003E00007F79F4208D91CEB030300F1FF3402D248
:1003F0009F4200F2B0802046DB1B40EA0640A5E7A2
:10040000C1F120068B4022FA06F71F4320FA06FCB2
:1004100004FA01F343EA0C03F44000FA01F8380C43
:100420004FEA1349B4FBF0FE1FFA87FC00FB1E44A1
:1004300049EA04440EFB0CF9A14502FA01F20AD97B
:100440003C190EF1FF3A80F08480A14540F2818092
:10045000AEF1020E3C44A4EB09041FFA83F9B4FB8D
:10046000F0F300FB134449EA044403FB0CFCA445ED
:1004700007D93C1903F1FF3067D2A44565D9023B87
:100480003C4443EA0E40A0FB0293A4EB0C049C42C4
:10049000CE469C4651D34ED055B1B8EB0E0364EB1B
:1004A0000C0404FA06F6CB401E43CC40C5E90064B8
:1004B000002150E7C2F1200320FA03F10CFA02FCFC
:1004C00024FA03F394400C434FEA1C4800FA02FE5E
:1004D0001FFA8CF7B3FBF8F008FB1031230C43EA4A
:1004E000014300FB07F1994208D91CEB030300F11B
:1004F000FF362CD299422AD9023863445B1AA4B23F
:10050000B3FBF8F108FB113344EA034401FB07F3A2
:10051000A34208D91CEB040401F1FF3613D2A34215
:1005200011D902396444E41A41EA004139E704462A
:10053000F0E6084606E7C845AED2B9EB020E63EB1B
:10054000070C0138A8E73146EDE7034699E7304646
:10055000D4E7D6467FE7634402384DE70646234694
:1005600008460FE7023E634430E700BF704700BF14
:1005700090B58FB004AF364B1B780133354A82FB00
:1005800003125111DA178A1A642101FB02F29A1A36
:10059000D2B22F4B1A7001F081F901F049F92C4BBE
:1005A0001B78002B50D101F07FFA00230293102317
:1005B0000193002300934FF47843274AB4210A2083
:1005C00001F046F801F07EFAF0EE407A1023019334
:1005D000002300934FF478430422B0EE670AB4215D
:1005E000822000F029FE01F06DFAF0EE407A9FEDD6
:1005F0001B7A67EE877AFDEEE77A17EE903A7B6218
:100600007B6A144A82FB03125211DB17D41A7A6AEE
:10061000104B83FB02135911D317CB1A642101FB32
:1006200003F3D31A381D009323460D4A1E2106F00A
:1006300051FF3B1D1846FFF7CBFD03469AB23B1D09
:100640001146184601F082FD00BF2C37BD4690BD13
:10065000800000201F85EB51547E00080000C84236
:10066000647E000880B584B000AF3B4600221A606B
:100670005A609A60DA603D4B3D4A1A603B4B00225B
:100680005A603A4B00229A60384B01221A61374B6C
:1006900000221A76354B002283F82020334B0022AB
:1006A000DA62324B334A9A62304B0022DA602F4BC7
:1006B0000522DA612D4B002283F830202B4B0122DA
:1006C0005A612A4801F04EFF0346002B01D001F089
:1006D000E5F908233B6001237B600023BB603B46B8
:1006E0001946224802F0B0F80346002B01D001F071
:1006F000D5F909233B6002237B603B4619461B4822
:1007000002F0A2F80346002B01D001F0C7F90A233A
:100710003B6003237B603B461946144802F094F883
:100720000346002B01D001F0B9F90B233B600423F1
:100730007B603B4619460D4802F086F80346002BC5
:1007400001D001F0ABF90C233B6005237B603B46F5
:100750001946064802F078F80346002B01D001F054
:100760009DF900BF1037BD4680BD00BF840000204A
:10077000002001400100000F80B58AB000AF786012
:1007800007F1140300221A605A609A60DA601A6155
:100790007B681B683C4A934271D100233B613B4B11
:1007A0005B6C3A4A43F480735364384B5B6C03F4DC
:1007B00080733B613B690023FB60344B1B6B334A06
:1007C00043F004031363314B1B6B03F00403FB6022
:1007D000FB680023BB602D4B1B6B2C4A43F00203CC
:1007E00013632A4B1B6B03F00203BB60BB68072338
:1007F0007B610323BB610023FB6107F114031946EE
:10080000234802F0D5FF03237B610323BB61002350
:10081000FB6107F1140319461E4802F0C9FF1E4B85
:100820001E4A1A601C4B00225A601B4B00229A6021
:10083000194B0022DA60184B4FF480621A61164B94
:100840004FF400625A61144B4FF400529A61124BFC
:100850004FF48072DA61104B00221A620E4B0022B4
:100860005A620D4802F0A2FB0346002B01D001F0B2
:1008700015F97B68084A9A63074A7B68936300BF4F
:100880002837BD4680BD00BF00200140003802402F
:100890000008024000040240CC0000201064024026
:1008A00080B500AF01220821024803F01DF900BF06
:1008B00080BD00BF000C024080B584B000AF0022B4
:1008C00008212F4803F010F9012208212C4803F0D9
:1008D0000BF90A2302222B492B4804F0DAF80023F3
:1008E000FB604FF400437B8100237B603FE07B682B
:1008F000002B06DB7B68032B03DC7B680433FB6087
:1009000018E07B68032B07DD7B68072B04DC7B6822
:10091000C3F10703FB600DE07B68072B06DD7B68F6
:100920000B2B03DC7B680433FB6003E07B68C3F1C3
:100930001703FB60134B1A887B8913409BB2002B73
:1009400005D0124AFB68002122F8131009E00F4A73
:10095000FB6832F81330013399B20C4AFB6822F875
:1009600013107B895B087B817B6801337B607B682C
:100970000F2BBCDD00BF00BF1037BD4680BD00BFE0
:10098000000C02404C010020180200202C01002025
:1009900080B582B000AF00237B600C4B1B6B0B4A11
:1009A00043F480031363094B1B6B03F480037B60E8
:1009B0007B6800220021382002F0C1FA382002F0C2
:1009C000DAFA00BF0837BD4680BD00BF00380240DC
:1009D00080B58EB000AF07F11C0300221A605A6088
:1009E0009A60DA601A615A619A613B4600221A6085
:1009F0005A609A60DA601A615A619A612F4B4FF01F
:100A000020421A602D4B2E4A5A602C4B00229A60CD
:100A10002A4B0022DA60294B00221A61274B102250
:100A20005A61264B00229A61244B0022DA61234B43
:100A300000221A62214B00225A62204B4FF480524E
:100A40009A621E4B0022DA621C4B4FF480421A63FA
:100A50001A4B00225A63194B00229A63174B00224B
:100A60005A640F23FB610F233B623C237B6200230C
:100A7000BB621023FB6211233B6300237B630823CB
:100A80003B600F237B600923BB600023FB601023C6
:100A90003B6111237B610023BB613A4607F11C03D4
:100AA0001946064804F0D8FB0346002B01D000F09D
:100AB000F5FF00BF3837BD4680BD00BF50010020A4
:100AC000040100A080B586B000AF3B1D00221A6073
:100AD0005A609A60DA601A611C4B1B68002B31D196
:100AE0001A4B01221A6000233B60194B9B6B184A7A
:100AF00043F001039363164B9B6B03F001033B60D0
:100B00003B684FF688737B600223BB600023FB6069
:100B100003233B610C237B613B1D19460D4802F00A
:100B200047FE4CF2B3737B600223BB600023FB6083
:100B300003233B610C237B613B1D1946064802F0F1
:100B400037FE00E000BF1837BD4680BDA001002081
:100B50000038024000100240000C024080B582B014
:100B600000AF7860FFF7AEFF00BF0837BD4680BD1D
:100B700080B58EB000AF07F1240300221A605A60DE
:100B80009A60DA601A6100233B628F4B1B6B8E4ABE
:100B900043F0100313638C4B1B6B03F010033B6299
:100BA0003B6A0023FB61884B1B6B874A43F00403BD
:100BB0001363854B1B6B03F00403FB61FB6900238C
:100BC000BB61814B1B6B804A43F0200313637E4B58
:100BD0001B6B03F02003BB61BB6900237B617A4B75
:100BE0001B6B794A43F080031363774B1B6B03F055
:100BF00080037B617B6900233B61734B1B6B724AF3
:100C000043F001031363704B1B6B03F001033B6163
:100C10003B690023FB606C4B1B6B6B4A43F0020388
:100C20001363694B1B6B03F00203FB60FB6800233B
:100C3000BB60654B1B6B644A43F008031363624B54
:100C40001B6B03F00803BB60BB6800237B605E4B3B
:100C50001B6B5D4A43F0400313635B4B1B6B03F05C
:100C600040037B607B6800227021584802F03CFF03
:100C700000224FF40851564802F036FF00224FF48C
:100C80008061544802F030FF00224FF4E071524876
:100C900002F02AFF00224FF48071504802F024FF36
:100CA000002208214E4802F01FFF70237B620123BF
:100CB000BB620023FB6200233B6307F12403194658
:100CC000424802F075FD4FF408537B620123BB627A
:100CD0000023FB6200233B6307F1240319463C48D1
:100CE00002F066FD4FF400737B620023BB620023B9
:100CF000FB6207F124031946364802F059FD4FF410
:100D000080637B620123BB620023FB6200233B63A1
:100D100007F1240319462F4802F04AFDC0237B62E5
:100D20000023BB620023FB6207F1240319462B4812
:100D300002F03EFD30237B620023BB620023FB6296
:100D400007F124031946224802F032FD4FF4E07304
:100D50007B620123BB620023FB6200233B6307F13C
:100D6000240319461C4802F023FD4FF488537B628C
:100D70000023BB620123FB6207F1240319461448D8
:100D800002F016FD4FF480737B620123BB620023E7
:100D9000FB6200233B6307F1240319460F4802F06E
:100DA00007FD08237B620123BB620023FB62002353
:100DB0003B6307F124031946094802F0F9FC00BF20
:100DC0003837BD4680BD00BF0038024000100240E9
:100DD00000080240001402400018024000000240D7
:100DE000000C024080B500AF124B134A1A60114B41
:100DF000124A5A600F4B00229A600E4B0022DA60B2
:100E00000C4B4FF480421A610A4B00225A61094B85
:100E100000229A61074B0022DA61064B00221A6217
:100E2000044802F095FE0346002B01D000F036FE88
:100E300000BF80BDA401002000540040A086010036
:100E400080B58AB000AF786007F1140300221A6001
:100E50005A609A60DA601A617B681B68194A93428B
:100E60002BD100233B61184B1B6B174A43F0020345
:100E70001363154B1B6B03F002033B613B69C023FB
:100E80007B611223BB610023FB6103233B620423CC
:100E90007B6207F1140319460C4802F089FC002319
:100EA000FB60094B1B6C084A43F400131364064BA8
:100EB0001B6C03F40013FB60FB6800BF2837BD46C2
:100EC00080BD00BF005400400038024000040240D2
:100ED00080B483B000AF0346FB80044AFB881380D4
:100EE00000BF0C37BD465DF8047B7047FEFF0F6006
:100EF00080B483B000AF0346FB80044AFB88538074
:100F000000BF0C37BD465DF8047B7047FEFF0F60E5
:100F100080B483B000AF064B5B889BB2FB80FB883C
:100F20009BB218460C37BD465DF8047B704700BF86
:100F3000FEFF0F6090B583B000AF0446084611462F
:100F40001A462346FB800346BB800B467B80134634
:100F50003B802A20FFF7BCFFFB881B0A9BB2184688
:100F6000FFF7C6FFFB88DBB29BB21846FFF7C0FF56
:100F70007B881B0A9BB21846FFF7BAFF7B88DBB25F
:100F80009BB21846FFF7B4FF2B20FFF7A1FFBB88E9
:100F90001B0A9BB21846FFF7ABFFBB88DBB29BB2C4
:100FA0001846FFF7A5FF3B881B0A9BB21846FFF7C0
:100FB0009FFF3B88DBB29BB21846FFF799FF2C20BE
:100FC000FFF786FF00BF0C37BD4690BD80B584B0EB
:100FD00000AF0346FB80154B1B88013B9AB2134BB5
:100FE0005B88013B9BB200210020FFF7A3FF002399
:100FF000FB8111E00023BB8106E0FB881846FFF768
:1010000077FFBB890133BB81084B5B88BA899A4261
:10101000F3D3FB890133FB81044B1B88FA899A4285
:10102000E8D300BF00BF1037BD4680BDF8010020E7
:1010300080B582B000AF0346FB800B46BB801346F1
:101040007B80BB88FA88B988F888FFF773FF7B88B4
:101050001846FFF74DFF00BF0837BD4680BD0000B2
:1010600090B587B000AF0446084611461A4623469D
:10107000FB800346BB800B46FB7013463B8000237E
:101080007B75FB883B8297F82C305B08FB73FB7BFE
:10109000DB08DBB21A46FB7B03F00703DBB2002B55
:1010A00014BF01230023DBB213449AB297F82C300B
:1010B0009BB212FB03F3BB81FB78203BFB70FB7BF5
:1010C0009AB2FB8813449BB2013B9CB297F82C3038
:1010D0009AB2BB8813449BB2013B9BB2B988F88893
:1010E0002246FFF727FF00237B827AE097F82C3017
:1010F0000C2B28D097F82C30102B08D1FA787B8A4B
:101100003C4912010A4413441B78FB751BE097F815
:101110002C30182B0BD1FA78798A374813465B00AC
:1011200013441B0103440B441B78FB750BE097F839
:101130002C30202B5AD1FA787B8A304992010A440C
:1011400013441B78FB750023BB7544E097F83030DF
:10115000002B20D1FA7DBB7D42FA03F303F001039B
:10116000002B04D03B881846FFF7C2FE03E03B8DFE
:101170001846FFF7BDFE7B7D01337B757B7DFA7BD7
:10118000B3FBF2F101FB02F29B1ADBB2002B1FD181
:1011900000237B7522E0FA7DBB7D42FA03F303F066
:1011A0000103002B05D03A88B988FB881846FFF761
:1011B0003FFFFB880133FB80FA883B8AD21AFB7B16
:1011C0009A4205D13B8AFB80BB880133BB8005E096
:1011D000BB7D0133BB75BB7D072BB7D97B8A013340
:1011E0007B827A8ABB899A4280D300E000BF1C3799
:1011F000BD4690BDA47E0008948400086496000853
:1012000080B485B000AF03460A46FB711346BB713C
:101210000123FB6004E0FA79FB6802FB03F3FB6047
:10122000BB795A1EBA71002BF5D1FB6818461437EA
:10123000BD465DF8047B704790B58BB004AF0446A3
:10124000084687ED020A11461A462346FB810346EB
:10125000BB810B46FB711346BB8097F82C305B08B3
:10126000BB75D7ED027A9FED367A67EE877AFCEE92
:10127000E77A17EE903ABB820023FB7557E0BC8AF1
:10128000FA79FB7DD31ADBB2013BDBB219460A20A7
:10129000FFF7B6FF0346B4FBF3F12A4BA3FB012390
:1012A000DA0813469B0013445B00CA1A1346FB740A
:1012B000FA7DFB79023B9A421DD1FB79023B9AB23F
:1012C000BB7D9BB212FB03F39AB2FB89134498B225
:1012D000BA88B9890023029397F82C3001933B8D8B
:1012E000009313462E22FFF7BBFEFB7D0133FB75F7
:1012F000FB790133FB71FB7D9AB2BB7D9BB212FB84
:1013000003F39AB2FB89134498B2FB7C3033DAB210
:10131000BC88B9890023029397F82C3001933B8D48
:1013200000932346FFF79CFEFB7D0133FB75FA7D9E
:10133000FB799A42A3D300BF00BF1C37BD4690BDC6
:101340000000C842CDCCCCCC80B483B000AF034603
:10135000FB71FB791B09DBB203F00303DBB2002B4B
:1013600007D00A4B4FF4A0721A80084BF0225A8023
:1013700006E0064BF0221A80044B4FF4A0725A800C
:1013800000BF0C37BD465DF8047B7047F8010020B4
:1013900080B500AF00224FF40051AA4802F0A4FB30
:1013A0004FF4FA7001F0BAF801224FF40051A54849
:1013B00002F09AFB4FF4FA7001F0B0F80020FFF74A
:1013C000C3FFD320FFF784FDFFF7A2FD03461A46B3
:1013D0009D4B9A80FFF79CFD03461A469A4B9A80D4
:1013E000FFF796FD03461A46974B9A80964B9B88CB
:1013F0001B029AB2944B9A80FFF78AFD03461A4665
:10140000914B9B8813439AB28F4B9A80CF20FFF762
:101410005FFD0020FFF76CFDC120FFF769FD302064
:10142000FFF766FDED20FFF753FD6420FFF760FD39
:101430000320FFF75DFD1220FFF75AFD8120FFF723
:1014400057FDE820FFF744FD8520FFF751FD1020F0
:10145000FFF74EFD7A20FFF74BFDCB20FFF738FD5D
:101460003920FFF745FD2C20FFF742FD0020FFF754
:101470003FFD3420FFF73CFD0220FFF739FDF72048
:10148000FFF726FD2020FFF733FDEA20FFF720FDC0
:101490000020FFF72DFD0020FFF72AFDC020FFF7F9
:1014A00017FD1B20FFF724FDC120FFF711FD0120D0
:1014B000FFF71EFDC520FFF70BFD3020FFF718FDDD
:1014C0003020FFF715FDC720FFF702FDB720FFF71B
:1014D0000FFD3620FFF7FCFC0820FFF709FD3A203E
:1014E000FFF7F6FC5520FFF703FDB120FFF7F0FCF6
:1014F0000020FFF7FDFC1A20FFF7FAFCB620FFF7EB
:10150000E7FC0A20FFF7F4FCA220FFF7F1FCF22031
:10151000FFF7DEFC0020FFF7EBFC2620FFF7D8FCEE
:101520000120FFF7E5FCE020FFF7D2FC0F20FFF7DA
:10153000DFFC2A20FFF7DCFC2820FFF7D9FC08207D
:10154000FFF7D6FC0E20FFF7D3FC0820FFF7D0FCF6
:101550005420FFF7CDFCA920FFF7CAFC4320FFF77A
:10156000C7FC0A20FFF7C4FC0F20FFF7C1FC0020D6
:10157000FFF7BEFC0020FFF7BBFC0020FFF7B8FC24
:101580000020FFF7B5FCE120FFF7A2FC0020FFF7E9
:10159000AFFC1520FFF7ACFC1720FFF7A9FC0720D4
:1015A000FFF7A6FC1120FFF7A3FC0620FFF7A0FC25
:1015B0002B20FFF79DFC5620FFF79AFC3C20FFF7FD
:1015C00097FC0520FFF794FC1020FFF791FC0F20FB
:1015D000FFF78EFC3F20FFF78BFC3F20FFF788FCD6
:1015E0000F20FFF785FC2B20FFF772FC0020FFF790
:1015F0007FFC0020FFF77CFC0120FFF779FC3F20F7
:10160000FFF776FC2A20FFF763FC0020FFF770FC51
:101610000020FFF76DFC0020FFF76AFCEF20FFF7CA
:1016200067FC1120FFF754FC782000F077FF292099
:10163000FFF74EFC01224FF48071044802F054FA87
:1016400000BF80BD00080240F801002000000240F9
:1016500090B58BB004AFBA601A460346FB810B46C7
:10166000BB811346FB80FB89BB820023FB7548E0EE
:10167000FB7D002B45D1FA89264B1B88194697F82C
:101680002C305B08DBB2CB1A9A423FDCBA89214B83
:101690005B88194697F82C30CB1A9A4236DCBB6827
:1016A0001B78802B02D90123FB752AE0BB681B78CD
:1016B0000D2B0BD197F82C309AB2BB891344BB8108
:1016C000BB8AFB81BB680133BB6017E0BB681A783B
:1016D000FC88B989F88997F83030029397F82C3054
:1016E00001933B8D00932346FFF7BAFC97F82C300B
:1016F0005B08DBB21A46FB891344FB81BB680133EC
:10170000BB60BB681B78002BB2D100E000BF1C3768
:10171000BD4690BDF801002080B500AF3F4B1B884F
:10172000DBB29AB23D4B1A803D4B1B683D4AD35CFD
:101730001B021AB2394B1B881BB213431BB29AB25D
:10174000364B1A80364B1B68032B47D801A252F840
:1017500023F000BF6517000883170008A1170008D1
:10176000BF1700082D4B1B8843F0B0039AB22B4BD8
:101770001A802A4B1B8823F040039AB2274B1A8009
:101780002DE0264B1B8843F0D0039AB2234B1A80DE
:10179000224B1B8823F020039AB2204B1A801EE0B4
:1017A0001E4B1B8843F0E0039AB21C4B1A801B4B64
:1017B0001B8823F010039AB2184B1A800FE0174BC6
:1017C0001B8843F070039AB2144B1A80134B1B888A
:1017D00023F080039AB2114B1A8000E000BF104B37
:1017E0001B6801335A4203F0030302F0030258BF9F
:1017F00053420B4A1360002240210B4802F074F957
:10180000012302220549094803F007F8012240217B
:10181000054802F069F900BF80BD00BF0400002048
:1018200000020020000000200018024018020020E2
:1018300080B500AF144B5B8B012B13D1134B1B787E
:10184000C3F10103DAB2114B1A70104B1B78012B54
:1018500004D101210E4800F079FC03E001210D487C
:1018600000F074FC094B1B78012B05D101222021CB
:10187000094802F039F904E000222021064802F06C
:1018800033F900BF80BD00BF2C01002004020020FE
:101890007C7E0008807E00080010024080B584B085
:1018A00004AF00F0AFFC0346002B11D100230293DC
:1018B00018230193002300934FF4FC630C4A322158
:1018C0000A20FFF7C5FE01210A4800F03FFC0CE0AA
:1018D0000023029318230193002300934FF4FC6329
:1018E000054A32210A20FFF7B3FE00BFBD4680BD86
:1018F000847E0008947E0008987E000880B500AFC2
:1019000000F09AFD00F02CF8FFF732F900F0E2FA4F
:1019100000F04AF9FFF75CF8FFF764FA00F026FBE5
:10192000FFF736F8FEF79EFE00F084FA00F0A4FC04
:1019300000F078FC00F07EF80020FFF747FB074B33
:101940001B88012BFBD1054B00221A80FEF7B4FF48
:10195000FEF70EFE00F07EF8F1E700BF1202002055
:1019600080B594B000AF07F1200330220021184663
:1019700005F0E4FD07F10C0300221A605A609A603A
:10198000DA601A610023BB60284B1B6C274A43F0C6
:1019900080531364254B1B6C03F08053BB60BB6802
:1019A00000237B60224B1B68214A43F48043136071
:1019B0001F4B1B6803F480437B607B6802233B6200
:1019C0000123FB6210233B630223BB630023FB6301
:1019D00008233B64A8237B640223BB640423FB64C9
:1019E00007F12003184602F0F7F90346002B01D057
:1019F00000F054F80F23FB6002233B6100237B615E
:101A00004FF4A053BB614FF4A053FB6107F10C03EB
:101A10000521184602F058FC0346002B01D000F0C7
:101A20003DF800BF5037BD4680BD00BF00380240C2
:101A30000070004080B500AF00F062F8FEF730FFA4
:101A4000FFF7A6FC00F06CFB322000F067F800BF47
:101A500080BD000080B500AF0D4B1B785A1C0D4BAC
:101A600083FB0213D910D317C91A0B469B000B44F2
:101A70009B00D11ACAB2064B1A70054B1B78002B7B
:101A800003D11021044802F048F800BF80BD00BF18
:101A900005020020676666660010024080B400AF51
:101AA00072B600BF00BFFDE780B500AF0522034955
:101AB000034800F09BFD00BF80BD00BF080200206E
:101AC0008400002080B400AF0A4B1B8907EE903AD7
:101AD000F8EE677A9FED087A67EE877A9FED077ACE
:101AE000C7EE876AF0EE667AB0EE670ABD465DF82B
:101AF000047B7047080200200000A54300F07F45EA
:101B000080B500AF034803F0A3FC034803F038FCA2
:101B100000BF80BDBC0200207402002080B483B0EE
:101B200000AF0346FB80084AFB881380064B1A88E7
:101B3000064B1A80064B00221A8000BF0C37BD46A8
:101B40005DF8047B704700BF1602002014020020DD
:101B50001202002080B582B000AF78607B681B68FD
:101B6000B3F1804F16D10D4B1B88002B10D00B4BBF
:101B70001B88013B9AB2094B1A80084B1B88002B2B
:101B800006D1074B01221A80064B1A88034B1A8094
:101B9000FFF7C2FD00BF0837BD4680BD140200201C
:101BA000120200201602002080B500AF174B184A21
:101BB0001A60164B4FF482725A60144B00229A60DE
:101BC000124B0022DA60114B00221A610F4B0022E7
:101BD0005A610E4B4FF400729A610C4B0022DA618D
:101BE0000A4B00221A62094B00225A62074B00225C
:101BF0009A62064B0A22DA62044802F085FD034627
:101C0000002B01D0FFF74AFF00BF80BD1802002063
:101C10000030014080B58AB000AF786007F114034E
:101C200000221A605A609A60DA601A617B681B6849
:101C3000194A93422BD100233B61184B5B6C174A26
:101C400043F480535364154B5B6C03F480533B6146
:101C50003B690023FB60114B1B6B104A43F00203EE
:101C600013630E4B1B6B03F00203FB60FB6838230E
:101C70007B610223BB610023FB6103233B620523DD
:101C80007B6207F114031946054801F091FD00BF7E
:101C90002837BD4680BD00BF0030014000380240FB
:101CA0000004024080B483B000AF00237B60104B7F
:101CB0005B6C0F4A43F4804353640D4B5B6C03F43D
:101CC00080437B607B6800233B60094B1B6C084AA8
:101CD00043F080531364064B1B6C03F080533B604E
:101CE0003B6800BF0C37BD465DF8047B704700BF02
:101CF0000038024080B400AF00BFFDE780B400AF01
:101D000000BFFDE780B400AF00BFFDE780B400AFC7
:101D100000BFFDE780B400AF00BFFDE780B400AFB7
:101D200000BFBD465DF8047B704780B400AF00BFC4
:101D3000BD465DF8047B704780B400AF00BFBD4670
:101D40005DF8047B704780B500AF00F0C7FB00BFB3
:101D500080BD000080B500AF024803F042FC00BF28
:101D600080BD00BFBC02002080B500AF024804F077
:101D70007DFB00BF80BD00BF5003002080B500AFD9
:101D8000024804F073FB00BF80BD00BF9403002035
:101D900080B500AF024801F0A1FA00BF80BD00BFCE
:101DA000CC00002080B586B000AF7860144A154B97
:101DB000D31A7B617B693B61134B1B68002B02D1FB
:101DC000114B124A1A60104B1A687B6813443A6927
:101DD0009A4207D205F0BAFB03460C221A604FF074
:101DE000FF3309E0084B1B68FB60074B1A687B68F0
:101DF0001344054A1360FB6818461837BD4680BD7A
:101E000000000220000400007002002028050020CD
:101E100080B400AF064BD3F88830054A43F4700312
:101E2000C2F8883000BFBD465DF8047B704700BF34
:101E300000ED00E080B586B000AF07F10803002296
:101E40001A605A609A60DA603B4600221A605A6053
:101E50001E4B1F4A1A601D4B53225A601B4B002217
:101E60009A601A4B4FF6FF72DA60184B00221A6123
:101E7000164B00225A61154B00229A61134803F059
:101E80002FFA0346002B01D0FFF708FE4FF48053D2
:101E9000BB6007F1080319460C4803F06DFD0346CB
:101EA000002B01D0FFF7FAFD00233B6000237B608D
:101EB0003B461946054804F039F90346002B01D08A
:101EC000FFF7ECFD00BF1837BD4680BD740200204F
:101ED0000000014080B586B000AF07F10803002282
:101EE0001A605A609A60DA603B4600221A605A60B3
:101EF0001D4B4FF080421A601B4B40F247325A6034
:101F0000194B00229A60184B6322DA60164B0022AC
:101F10001A61154B00229A61134803F0E1F9034658
:101F2000002B01D0FFF7BAFD4FF48053BB6007F1DF
:101F3000080319460C4803F01FFD0346002B01D08F
:101F4000FFF7ACFD00233B6000237B603B46194656
:101F5000054804F0EBF80346002B01D0FFF79EFD87
:101F600000BF1837BD4680BDBC02002080B588B0D8
:101F700000AF3B1D00221A605A609A60DA601A6155
:101F80005A619A611E4B1F4A1A601D4B40F247323C
:101F90005A601B4B00229A60194B6322DA60184B7F
:101FA00000221A61164B00229A61154803F098F935
:101FB0000346002B01D0FFF771FD114803F0B8FA7A
:101FC0000346002B01D0FFF769FD60237B600023EF
:101FD000BB600023FB6000237B613B1D0022194690
:101FE000074803F007FC0346002B01D0FFF756FD1E
:101FF000034800F05BF800BF2037BD4680BD00BF3E
:1020000004030020001C004080B586B000AF78605B
:102010007B681B68224A93420ED100237B61214BCF
:102020005B6C204A43F0010353641E4B5B6C03F06E
:1020300001037B617B692EE07B681B68B3F1804FF5
:1020400016D100233B61174B1B6C164A43F001036A
:102050001364144B1B6C03F001033B613B690022CA
:1020600000211C2000F06BFF1C2000F084FF12E018
:102070007B681B680C4A93420DD10023FB60094B1F
:102080001B6C084A43F080031364064B1B6C03F07F
:102090008003FB60FB6800BF1837BD4680BD00BFF2
:1020A0000000014000380240001C004080B588B0AC
:1020B00000AF786007F10C0300221A605A609A6042
:1020C000DA601A617B681B68124A93421ED10023B2
:1020D000BB60114B1B6B104A43F0200313630E4B84
:1020E0001B6B03F02003BB60BB684FF48073FB6085
:1020F00002233B6100237B610023BB610923FB6159
:1021000007F10C031946054801F052FB00BF2037C8
:10211000BD4680BD001C0040003802400014024053
:1021200080B500AF01220649064804F06EF901228D
:102130004FF48061044801F0D7FC00BF80BD00BFB0
:102140004D030020940300200014024080B582B0AB
:1021500000AF78600B467B807A880A237968034851
:1021600004F0C1F800BF0837BD4680BD94030020CD
:1021700080B582B000AF78607B681B68194A9342D3
:102180000AD10A2301221849184804F0ACF80122A8
:102190001549164804F039F97B681B68144A9342C4
:1021A0001BD1144B1B78002B03D0134B01221A7048
:1021B0000EE0104B1B78612B03D1104B00221A70DC
:1021C00006E00C4B1B78412B02D10C4B01221A70FC
:1021D000012208490A4804F018F900BF0837BD4633
:1021E00080BD00BF001001404C03002050030020C0
:1021F000004400404D0300204E0300200402002054
:102200009403002080B400AF054B1B78012B01D153
:10221000012300E000231846BD465DF8047B7047AB
:102220004E03002080B500AF114B124A1A60104BCC
:102230004FF4E1325A600E4B00229A600C4B0022A0
:10224000DA600B4B00221A61094B0C225A61084BD1
:1022500000229A61064B0022DA61054803F0F6FF7E
:102260000346002B01D0FFF719FC00BF80BD00BF63
:10227000500300200010014080B500AF114B124AFE
:102280001A60104B4FF4E1325A600E4B00229A60F4
:102290000C4B0022DA600B4B00221A61094B0C2216
:1022A0005A61084B00229A61064B0022DA61054808
:1022B00003F0CCFF0346002B01D0FFF7EFFB00BF7C
:1022C00080BD00BF940300200044004080B58CB066
:1022D00000AF786007F11C0300221A605A609A6010
:1022E000DA601A617B681B683A4A934235D1002351
:1022F000BB61394B5B6C384A43F010035364364B77
:102300005B6C03F01003BB61BB6900237B61324B44
:102310001B6B314A43F0010313632F4B1B6B03F01C
:1023200001037B617B694FF4C063FB6102233B6265
:1023300000237B620323BB620723FB6207F11C03BC
:102340001946264801F034FA00220021252000F029
:10235000F6FD252000F00FFE38E07B681B68204A60
:10236000934233D100233B611B4B1B6C1A4A43F44D
:1023700000331364184B1B6C03F400333B613B695F
:102380000023FB60144B1B6B134A43F001031363E0
:10239000114B1B6B03F00103FB60FB680C23FB611B
:1023A00002233B6200237B620323BB620723FB62A1
:1023B00007F11C031946094801F0FAF9002200212F
:1023C000262000F0BCFD262000F0D5FD00BF3037F0
:1023D000BD4680BD001001400038024000000240B0
:1023E00000440040DFF834D00D480E490E4A002367
:1023F00002E0D458C4500433C4188C42F9D30B4AB9
:102400000B4C002301E013600432A242FBD3FFF720
:10241000FFFC05F0A1F8FFF771FA704700000220F9
:10242000000000206400002088AE00086400002046
:1024300024050020FEE7000080B500AF0E4B1B68AE
:102440000D4A43F4007313600B4B1B680A4A43F4B4
:1024500080631360084B1B68074A43F48073136062
:10246000032000F061FD0F2000F008F8FFF71AFCD0
:102470000023184680BD00BF003C024080B582B0FA
:1024800000AF7860124B1A68124B1B7819464FF454
:102490007A73B3FBF1F3B2FBF3F3184600F079FD66
:1024A0000346002B01D001230EE07B680F2B0AD8D6
:1024B000002279684FF0FF3000F041FD064A7B684A
:1024C0001360002300E0012318460837BD4680BD95
:1024D00008000020100000200C00002080B400AF95
:1024E000064B1B781A46064B1B681344044A1360BC
:1024F00000BFBD465DF8047B704700BF10000020A0
:10250000D803002080B400AF034B1B681846BD46BB
:102510005DF8047B704700BFD803002080B584B00D
:1025200000AF7860FFF7EEFFB8607B68FB60FB6888
:10253000B3F1FF3F05D00A4B1B781A46FB681344E2
:10254000FB6000BFFFF7DEFF0246BB68D31AFA68E4
:102550009A42F7D800BF00BF1037BD4680BD00BF0C
:102560001000002080B584B000AF78600023FB73BA
:102570007B68002B01D1012333E07B681B6C002BAF
:1025800009D17868FEF7F8F87B6800225A647B6806
:10259000002283F83C207B681B6C03F01003002BA7
:1025A00018D17B681B6C23F4885323F0020343F09B
:1025B00002027B681A64786800F068FA7B6800227F
:1025C0005A647B681B6C23F0030343F001027B68B1
:1025D0001A6401E00123FB737B68002283F83C202E
:1025E000FB7B18461037BD4680BD000080B586B025
:1025F00000AFF860B9607A6000233B61FB6893F834
:102600003C30012B01D10223E9E0FB68012283F871
:102610003C20FB681B689B6803F00103012B18D06A
:10262000FB681B689A68FB681B6842F001029A60AD
:102630006D4B1B686D4AA2FB03239A0C13465B008B
:1026400013443B6102E03B69013B3B613B69002B6A
:10265000F9D1FB681B689B6803F48073B3F5807F36
:1026600007D1FB681B689A68FB681B6822F48072BC
:102670009A60FB681B689B6803F00103012B40F024
:10268000A180FB681B6C23F4E06323F0010343F497
:102690008072FB681A64FB681B685B6803F48063E4
:1026A000002B07D0FB681B6C23F4405343F480528B
:1026B000FB681A64FB681B6C03F48053B3F5805FFE
:1026C00006D1FB685B6C23F00602FB685A6402E0EB
:1026D000FB6800225A64FB68002283F83C20444BCC
:1026E0007B61FB689B6B434ADA63FB689B6B424AE6
:1026F0001A64FB689B6B414ADA64FB681B686FF0E5
:1027000022021A60FB681B685A68FB681B6842F06B
:1027100080625A60FB681B689A68FB681B6842F419
:1027200080729A60FB68986BFB681B684C33194693
:10273000BA687B6800F0E8FC7B695B6803F01F0304
:10274000002B2AD1FB681B682D4A934215D0FB68E9
:102750001B682C4A934205D1254B5B6803F01F038D
:10276000002B0AD0FB681B68274A934236D1204BC6
:102770005B6803F01003002B30D1FB681B689B687B
:1027800003F04053002B29D1FB681B689A68FB6853
:102790001B6842F080429A6020E0FB681B68184A80
:1027A00093421BD1FB681B689B6803F04053002BCE
:1027B00014D1FB681B689A68FB681B6842F0804272
:1027C0009A600BE0FB681B6C43F01002FB681A6414
:1027D000FB685B6C43F00102FB685A6400231846F7
:1027E0001837BD4680BD00BF0800002083DE1B43B4
:1027F00000230140852C00083F2D00085B2D0008B8
:1028000000200140002101400022014080B483B03B
:1028100000AF786000BF0C37BD465DF8047B7047A1
:1028200080B483B000AF786000BF0C37BD465DF860
:10283000047B704780B483B000AF786000BF0C3772
:10284000BD465DF8047B704780B485B000AF78600A
:1028500039600023BB607B6893F83C30012B01D1C9
:10286000022305E17B68012283F83C203B681B685A
:10287000092B25D97B681B68D9683B681B689BB20C
:102880001A4613465B0013441E3B072202FA03F369
:10289000DA437B681B680A40DA607B681B68D9688A
:1028A0003B689A683B681B689BB2184603465B000E
:1028B00003441E3B9A407B681B680A43DA6022E0AF
:1028C0007B681B6819693B681B689BB21A461346F4
:1028D0005B001344072202FA03F3DA437B681B68A8
:1028E0000A401A617B681B6819693B689A683B68F3
:1028F0001B689BB2184603465B0003449A407B6802
:102900001B680A431A613B685B68062B24D87B6806
:102910001B68596B3B685A6813469B001344053B80
:102920001F2202FA03F3DA437B681B680A405A63EA
:102930007B681B68596B3B681B689BB218463B68F9
:102940005A6813469B001344053B00FA03F27B6868
:102950001B680A435A634CE03B685B680C2B24D825
:102960007B681B68196B3B685A6813469B001344CD
:10297000233B1F2202FA03F3DA437B681B680A40F9
:102980001A637B681B68196B3B681B689BB218460F
:102990003B685A6813469B001344233B00FA03F23A
:1029A0007B681B680A431A6323E07B681B68D96A4B
:1029B0003B685A6813469B001344413B1F2202FAAE
:1029C00003F3DA437B681B680A40DA627B681B68A2
:1029D000D96A3B681B689BB218463B685A68134625
:1029E0009B001344413B00FA03F27B681B680A43D7
:1029F000DA62224BFB607B681B68214A934209D153
:102A00003B681B68122B05D1FB685B6843F48002AE
:102A1000FB685A607B681B68194A934223D13B6864
:102A20001B68102B03D03B681B68112B1BD1FB6864
:102A30005B6843F40002FB685A603B681B68102B1C
:102A400011D1104B1B68104AA2FB03239A0C1346AA
:102A50009B0013445B00BB6002E0BB68013BBB60B2
:102A6000BB68002BF9D17B68002283F83C2000234F
:102A700018461437BD465DF8047B704700230140BB
:102A8000002001400800002083DE1B4380B485B095
:102A900000AF7860794BFB60FB685B6823F44032E1
:102AA000FB685A60FB685A687B685B681A43FB687E
:102AB0005A607B681B685A687B681B6822F48072C6
:102AC0005A607B681B6859687B681B691A027B68BF
:102AD0001B680A435A607B681B685A687B681B68DE
:102AE00022F040725A607B681B6859687B689A685C
:102AF0007B681B680A435A607B681B689A687B681E
:102B00001B6822F400629A607B681B6899687B6886
:102B1000DA687B681B680A439A607B689B6A584A3C
:102B2000934222D07B681B689A687B681B6822F0FE
:102B300070629A607B681B6899687B689A6A7B6898
:102B40001B680A439A607B681B689A687B681B68ED
:102B500022F040529A607B681B6899687B68DA6A49
:102B60007B681B680A439A600FE07B681B689A6861
:102B70007B681B6822F070629A607B681B689A68A9
:102B80007B681B6822F040529A607B681B689A68D9
:102B90007B681B6822F002029A607B681B68996858
:102BA0007B681B7E5A007B681B680A439A607B68BF
:102BB00093F82030002B1BD07B681B685A687B6819
:102BC0001B6842F400625A607B681B685A687B6825
:102BD0001B6822F460425A607B681B6859687B68F6
:102BE0005B6A013B5A037B681B680A435A6007E033
:102BF0007B681B685A687B681B6822F400625A6015
:102C00007B681B68DA6A7B681B6822F47002DA62F0
:102C10007B681B68D96A7B68DB69013B1A057B68A6
:102C20001B680A43DA627B681B689A687B681B68CA
:102C300022F400729A607B681B6899687B6893F83D
:102C400030305A027B681B680A439A607B681B68B5
:102C50009A687B681B6822F480629A607B681B68B4
:102C600099687B685B699A027B681B680A439A6073
:102C700000BF1437BD465DF8047B70470023014058
:102C80000100000F80B584B000AF78607B689B6B5B
:102C9000FB60FB681B6C03F05003002B3CD1FB680E
:102CA0001B6C43F40072FB681A64FB681B689B682A
:102CB00003F04053002B2BD1FB681B7E002B27D148
:102CC000FB681B68DB6A03F47003002B06D0FB680B
:102CD0001B689B6803F48063002B19D1FB681B6899
:102CE0005A68FB681B6822F020025A60FB681B6C64
:102CF00023F48072FB681A64FB681B6C03F4805336
:102D0000002B05D1FB681B6C43F00102FB681A64C1
:102D1000F868FFF77BFD0EE0FB681B6C03F0100307
:102D2000002B03D0F868FFF785FD04E0FB689B6B80
:102D3000DB6C7868984700BF1037BD4680BD80B512
:102D400084B000AF78607B689B6BFB60F868FFF72E
:102D500067FD00BF1037BD4680BD80B584B000AFB1
:102D600078607B689B6BFB60FB6840221A64FB68A1
:102D70005B6C43F00402FB685A64F868FFF75AFD85
:102D800000BF1037BD4680BD80B485B000AF78600D
:102D90007B6803F00703FB600C4BDB68BB60BA6821
:102DA0004FF6FF031340BB60FB681A02BB68134376
:102DB00043F0BF6343F40033BB60044ABB68D36095
:102DC00000BF1437BD465DF8047B704700ED00E09E
:102DD00080B400AF044BDB681B0A03F007031846FE
:102DE000BD465DF8047B704700ED00E080B483B021
:102DF00000AF0346FB7197F90730002B0BDBFB7923
:102E000003F01F02074997F907305B09012000FA18
:102E100002F241F8232000BF0C37BD465DF8047B69
:102E2000704700BF00E100E080B483B000AF03460C
:102E30003960FB7197F90730002B0ADB3B68DAB287
:102E40000C4997F907301201D2B20B4483F80023E2
:102E50000AE03B68DAB20849FB7903F00F03043B50
:102E60001201D2B20B441A7600BF0C37BD465DF892
:102E7000047B704700E100E000ED00E080B489B021
:102E800000AFF860B9607A60FB6803F00703FB618C
:102E9000FB69C3F10703042B28BF0423BB61FB6953
:102EA0000433062B02D9FB69033B00E000237B615E
:102EB0004FF0FF32BB6902FA03F3DA43BB681A40F2
:102EC0007B699A404FF0FF317B6901FA03F3D943E4
:102ED0007B680B40134318462437BD465DF8047BDE
:102EE0007047000080B582B000AF78607B68013B1E
:102EF000B3F1807F01D301230FE00A4A7B68013BD5
:102F000053600F214FF0FF30FFF78EFF054B00227B
:102F10009A60044B07221A60002318460837BD4602
:102F200080BD00BF10E000E080B582B000AF7860E7
:102F30007868FFF729FF00BF0837BD4680BD80B520
:102F400086B000AF0346B9607A60FB7300237B61F3
:102F5000FFF73EFF78617A68B9687869FFF78EFFFE
:102F6000024697F90F3011461846FFF75DFF00BF84
:102F70001837BD4680BD80B582B000AF0346FB71F7
:102F800097F907301846FFF731FF00BF0837BD46F5
:102F900080BD80B582B000AF78607868FFF7A2FF8F
:102FA000034618460837BD4680BD000080B586B090
:102FB00000AF786000237B61FFF7A4FA38617B687B
:102FC000002B01D1012399E07B68022283F8352090
:102FD0007B68002283F834207B681B681A687B6852
:102FE0001B6822F001021A600FE0FFF78BFA02461D
:102FF0003B69D31A052B08D97B6820225A657B6868
:10300000032283F83520032378E07B681B681B6864
:1030100003F00103002BE8D17B681B681B687B6110
:103020007A69384B13407B617B685A687B689B6880
:103030001A437B68DB681A437B681B691A437B6809
:103040005B691A437B689B691A437B68DB691A4397
:103050007B681B6A13437A6913437B617B685B6AF5
:10306000042B07D17B68DA6A7B681B6B13437A6990
:1030700013437B617B681B687A691A607B681B68F5
:103080005B697B617B6923F007037B617B685B6A1B
:103090007A6913437B617B685B6A042B17D17B6879
:1030A0009B6A7A6913437B617B68DB6A002B0ED0D5
:1030B000786800F001FB0346002B08D07B684022B3
:1030C0005A657B68012283F83520012316E07B686E
:1030D0001B687A695A61786800F0B8FA0346FB60A9
:1030E0007B68DB6D3F229A40FB689A607B68002218
:1030F0005A657B68012283F835200023184618376B
:10310000BD4680BD3F8010F080B586B000AFF8604E
:10311000B9607A603B600023FB75FB689B6D3B6187
:10312000FB6893F83430012B01D1022340E0FB68A7
:10313000012283F83420FB6893F83530DBB2012B91
:103140002FD1FB68022283F83520FB6800225A65E4
:103150003B687A68B968F86800F04AFAFB68DB6D8A
:103160003F229A403B699A60FB681B681A68FB68BB
:103170001B6842F016021A60FB681B6C002B07D01C
:10318000FB681B681A68FB681B6842F008021A603B
:10319000FB681B681A68FB681B6842F001021A6032
:1031A00005E0FB68002283F834200223FB75FB7DD9
:1031B00018461837BD4680BD80B584B000AF786032
:1031C0007B689B6DFB60FFF79DF9B8607B6893F8A7
:1031D0003530DBB2022B08D07B6880225A657B68D1
:1031E000002283F83420012352E07B681B681A68B0
:1031F0007B681B6822F016021A607B681B685A699C
:103200007B681B6822F080025A617B681B6C002B74
:1032100003D17B689B6C002B07D07B681B681A6806
:103220007B681B6822F008021A607B681B681A68BA
:103230007B681B6822F001021A6013E0FFF762F955
:103240000246BB68D31A052B0CD97B6820225A652D
:103250007B68032283F835207B68002283F83420C2
:10326000032315E07B681B681B6803F00103002B38
:10327000E4D17B68DB6D3F229A40FB689A607B68F3
:10328000012283F835207B68002283F83420002354
:1032900018461037BD4680BD80B483B000AF78605B
:1032A0007B6893F83530DBB2022B04D07B68802238
:1032B0005A6501230CE07B68052283F835207B6882
:1032C0001B681A687B681B6822F001021A600023E1
:1032D00018460C37BD465DF8047B704780B586B054
:1032E00000AF78600023BB608E4B1B688E4AA2FB48
:1032F00003239B0A7B617B689B6D3B613B691B6879
:10330000FB607B68DB6D08229A40FB681340002B52
:103310001AD07B681B681B6803F00403002B13D0D2
:103320007B681B681A687B681B6822F004021A60BD
:103330007B68DB6D08229A403B699A607B685B6D15
:1033400043F001027B685A657B68DB6D01229A407D
:10335000FB681340002B12D07B681B685B6903F08D
:103360008003002B0BD07B68DB6D01229A403B6908
:103370009A607B685B6D43F002027B685A657B68EC
:10338000DB6D04229A40FB681340002B12D07B684F
:103390001B681B6803F00203002B0BD07B68DB6DFE
:1033A00004229A403B699A607B685B6D43F004029B
:1033B0007B685A657B68DB6D10229A40FB6813407E
:1033C000002B43D07B681B681B6803F00803002BAD
:1033D0003CD07B68DB6D10229A403B699A607B6829
:1033E0001B681B6803F48023002B18D07B681B68C4
:1033F0001B6803F40023002B08D17B681B6C002B97
:1034000024D07B681B6C786898471FE07B689B6CB6
:10341000002B1BD07B689B6C7868984716E07B6814
:103420001B681B6803F48073002B07D17B681B6843
:103430001A687B681B6822F008021A607B681B6CA4
:10344000002B03D07B681B6C786898477B68DB6D2A
:1034500020229A40FB681340002B00F08F807B688D
:103460001B681B6803F01003002B00F087807B684B
:10347000DB6D20229A403B699A607B6893F8353077
:10348000DBB2052B36D17B681B681A687B681B682A
:1034900022F016021A607B681B685A697B681B68F9
:1034A00022F080025A617B681B6C002B03D17B6881
:1034B0009B6C002B07D07B681B681A687B681B68B5
:1034C00022F008021A607B68DB6D3F229A403B695C
:1034D0009A607B68012283F835207B68002283F89C
:1034E00034207B681B6D002B7ED07B681B6D786859
:1034F000984779E07B681B681B6803F48023002BE6
:103500001DD07B681B681B6803F40023002B0DD1C2
:103510007B685B6C002B31D07B685B6C786898476C
:103520002CE000BF08000020B5814E1B7B68DB6BE0
:10353000002B23D07B68DB6B786898471EE07B68A4
:103540001B681B6803F48073002B0FD17B681B681A
:103550001A687B681B6822F010021A607B680122DF
:1035600083F835207B68002283F834207B68DB6B8E
:10357000002B03D07B68DB6B786898477B685B6DBA
:10358000002B32D07B685B6D03F00103002B22D04F
:103590007B68052283F835207B681B681A687B6886
:1035A0001B6822F001021A60BB680133BB607A69B4
:1035B0009A4207D37B681B681B6803F00103002B4A
:1035C000F2D100E000BF7B68012283F835207B68E0
:1035D000002283F834207B68DB6C002B05D07B68ED
:1035E000DB6C7868984700E000BF1837BD4680BDA7
:1035F00080B485B000AFF860B9607A603B60FB686A
:103600001B681A68FB681B6822F480221A60FB683A
:103610001B683A685A60FB689B68402B08D1FB68BE
:103620001B687A689A60FB681B68BA68DA6007E012
:10363000FB681B68BA689A60FB681B687A68DA6086
:1036400000BF1437BD465DF8047B704780B485B079
:1036500000AF78607B681B68DBB2103B144AA2FBAA
:1036600003231B09FB60134AFB6813441B781A46AB
:103670007B68DA65FB68032B09D97B681B6823F438
:103680007F7323F003031A1D7B689A6507E07B684C
:103690001B6823F47F7323F003037A6893657B68C8
:1036A0009B6D18461437BD465DF8047B704700BF1C
:1036B000ABAAAAAA3CAE000880B485B000AF78607F
:1036C0000023FB737B689B6ABB607B689B69002B54
:1036D0001FD1BB68032B56D801A252F823F000BFBC
:1036E000F136000803370008F13600088737000874
:1036F0007B68DB6A03F08073002B46D00123FB73E9
:1037000043E07B68DB6AB3F1C07F40D10123FB73E8
:103710003DE07B689B69B3F5005F21D1BB68032B5B
:1037200037D801A252F823F0393700083F37000894
:1037300039370008513700080123FB7330E07B68FC
:10374000DB6A03F08073002B25D00123FB7322E09A
:103750007B68DB6AB3F1C07F1FD10123FB731CE0E0
:10376000BB68022B03D9BB68032B03D018E00123ED
:10377000FB7315E07B68DB6A03F08073002B0ED0CF
:103780000123FB730BE000BF0AE000BF08E000BFAD
:1037900006E000BF04E000BF02E000BF00E000BFA1
:1037A000FB7B18461437BD465DF8047B704700BFAD
:1037B00080B489B000AF7860396000237B6100235A
:1037C0003B610023BB610023FB616BE10122FB69CC
:1037D00002FA03F37B613B681B687A6913403B6123
:1037E0003A697B699A4240F05A813B685B6803F012
:1037F0000303012B05D03B685B6803F00303022B36
:1038000030D17B689B68BB61FB695B00032202FAD5
:1038100003F3DB43BA691340BB613B68DA68FB69B9
:103820005B0002FA03F3BA691343BB617B68BA69B0
:103830009A607B685B68BB610122FB6902FA03F353
:10384000DB43BA691340BB613B685B681B0903F04B
:103850000102FB6902FA03F3BA691343BB617B6897
:10386000BA695A603B685B6803F00303032B17D007
:103870007B68DB68BB61FB695B00032202FA03F330
:10388000DB43BA691340BB613B689A68FB695B0024
:1038900002FA03F3BA691343BB617B68BA69DA6061
:1038A0003B685B6803F00303022B23D1FB69DA0852
:1038B0007B68083253F82230BB61FB6903F00703D1
:1038C0009B000F2202FA03F3DB43BA691340BB618A
:1038D0003B681A69FB6903F007039B0002FA03F3D4
:1038E000BA691343BB61FB69DA087B680832B969BE
:1038F00043F822107B681B68BB61FB695B000322F5
:1039000002FA03F3DB43BA691340BB613B685B68AF
:1039100003F00302FB695B0002FA03F3BA69134385
:10392000BB617B68BA691A603B685B6803F440332B
:10393000002B00F0B4800023FB60604B5B6C5F4A9F
:1039400043F4804353645D4B5B6C03F48043FB6042
:10395000FB685B4AFB699B08023352F82330BB616A
:10396000FB6903F003039B000F2202FA03F3DB431E
:10397000BA691340BB617B68524A93422BD07B6883
:10398000514A934225D07B68504A93421FD07B68AE
:103990004F4A934219D07B684E4A934213D07B68BA
:1039A0004D4A93420DD07B684C4A934207D07B68C6
:1039B0004B4A934201D107230EE008230CE0062373
:1039C0000AE0052308E0042306E0032304E00223C1
:1039D00002E0012300E00023FA6902F003029200F2
:1039E0009340BA691343BB613549FB699B080233B5
:1039F000BA6941F823203B4B1B68BB613B69DB4341
:103A0000BA691340BB613B685B6803F48033002BE9
:103A100003D0BA693B691343BB61324ABB69136087
:103A2000304B5B68BB613B69DB43BA691340BB61E8
:103A30003B685B6803F40033002B03D0BA693B6931
:103A40001343BB61274ABB695360264B9B68BB612C
:103A50003B69DB43BA691340BB613B685B6803F4B5
:103A60008013002B03D0BA693B691343BB611D4A25
:103A7000BB6993601B4BDB68BB613B69DB43BA6985
:103A80001340BB613B685B6803F40013002B03D059
:103A9000BA693B691343BB61124ABB69D360FB69D6
:103AA0000133FB61FB690F2B7FF690AE00BF00BFB7
:103AB0002437BD465DF8047B704700BF00380240E4
:103AC00000380140000002400004024000080240AB
:103AD000000C024000100240001402400018024096
:103AE000001C0240003C014080B483B000AF78600D
:103AF0000B467B8013467B707B78002B03D07A8843
:103B00007B689A6103E07B881A047B689A6100BF36
:103B10000C37BD465DF8047B704780B485B000AFBC
:103B200078600B467B807B685B69FB607A88FB680A
:103B300013401A04FB68D9437B880B401A437B6807
:103B40009A6100BF1437BD465DF8047B70470000E2
:103B500080B584B000AF78607B68002B01D1012371
:103B60002BE17B6893F83D30DBB2002B06D17B68FC
:103B7000002283F83C207868FDF762F97B682422F4
:103B800083F83D207B681B681A687B681B6822F0FD
:103B900001021A607B681B681A687B681B6842F424
:103BA00000421A607B681B681A687B681B6822F4F5
:103BB00000421A6000F080FDF8607B685B68814A13
:103BC000934207D8FB68804A934294BF01230023A5
:103BD000DBB206E0FB687D4A934294BF01230023D9
:103BE000DBB2002B01D00123E7E0FB68784AA2FB9F
:103BF00003239B0CBB607B681B685B6823F03F0161
:103C00007B681B68BA680A435A607B681B681B6A3A
:103C100023F03F017B685B686A4A934202D8BB6825
:103C2000013309E0BB684FF4967202FB03F3694A63
:103C3000A2FB03239B0901337A6812680B431362CA
:103C40007B681B68DB6923F44F4222F0FF027B682C
:103C50005B685C498B4219D8FB68591E7B685B68BE
:103C60005B00B1FBF3F3591C40F6FC730B40002BD7
:103C70000AD0FB68591E7B685B685B00B1FBF3F3FD
:103C80000133C3F30B0351E004234FE07B689B68CF
:103C9000002B11D1FB68581E7B6859680B465B00EE
:103CA0000B44B0FBF3F30133C3F30B03002B0CBF46
:103CB00001230023DBB212E0FB68581E7B685968C1
:103CC0000B469B000B4499000B44B0FBF3F301330C
:103CD000C3F30B03002B0CBF01230023DBB2002B2B
:103CE00001D0012322E07B689B68002B0ED1FB688A
:103CF000581E7B6859680B465B000B44B0FBF3F31E
:103D00000133C3F30B0343F400430FE0FB68581E79
:103D10007B6859680B469B000B4499000B44B0FB31
:103D2000F3F30133C3F30B0343F4404379680968A9
:103D30001343CB617B681B681B6823F0C0017B6861
:103D4000DA697B681B6A1A437B681B680A431A603E
:103D50007B681B689B6823F4034323F0FF037A68A6
:103D600011697A68D26811437A6812680B439360CC
:103D70007B681B68DB6823F0FF017B685A697B68FE
:103D80009B691A437B681B680A43DA607B681B687F
:103D90001A687B681B6842F001021A607B68002287
:103DA0001A647B68202283F83D207B6800221A6316
:103DB0007B68002283F83E20002318461037BD465A
:103DC00080BD00BFA08601007F841E00FF083D006B
:103DD00083DE1B43D34D621080B586B000AF7860A0
:103DE0007B68002B01D1012367E27B681B6803F02D
:103DF0000103002B75D0884B9B6803F00C03042B48
:103E00000CD0854B9B6803F00C03082B12D1824B1E
:103E10005B6803F48003B3F5800F0BD17E4B1B6806
:103E200003F40033002B5BD07B685B68002B57D119
:103E3000012342E27B685B68B3F5803F06D1764B95
:103E40001B68754A43F4803313601DE07B685B6830
:103E5000B3F5A02F0CD1704B1B686F4A43F480233D
:103E600013606D4B1B686C4A43F4803313600BE0A6
:103E7000694B1B68684A23F480331360664B1B68E8
:103E8000654A23F4802313607B685B68002B13D0A2
:103E9000FEF738FB386108E0FEF734FB02463B6969
:103EA000D31A642B01D9032307E25B4B1B6803F48D
:103EB0000033002BF0D014E0FEF724FB386108E05B
:103EC000FEF720FB02463B69D31A642B01D903237A
:103ED000F3E1514B1B6803F40033002BF0D100E0F9
:103EE00000BF7B681B6803F00203002B63D04A4BC2
:103EF0009B6803F00C03002B0BD0474B9B6803F02F
:103F00000C03082B1CD1444B5B6803F48003002B8B
:103F100016D1414B1B6803F00203002B05D07B68D0
:103F2000DB68012B01D00123C7E13B4B1B6823F069
:103F3000F8027B681B69DB00374913430B603AE0EA
:103F40007B68DB68002B20D0344B01221A60FEF71F
:103F5000D9FA386108E0FEF7D5FA02463B69D31A70
:103F6000022B01D90323A8E12B4B1B6803F00203AA
:103F7000002BF0D0284B1B6823F0F8027B681B69EC
:103F8000DB00254913430B6015E0244B00221A6027
:103F9000FEF7B8FA386108E0FEF7B4FA02463B696A
:103FA000D31A022B01D9032387E11B4B1B6803F0B3
:103FB0000203002BF0D17B681B6803F00803002B81
:103FC00036D07B685B69002B16D0154B01221A6036
:103FD000FEF798FA386108E0FEF794FA02463B696A
:103FE000D31A022B01D9032367E10B4B5B6F03F05C
:103FF0000203002BF0D01BE0094B00221A60FEF7F1
:1040000081FA38610EE0FEF77DFA02463B69D31A69
:10401000022B07D9032350E1003802400000474239
:10402000800E4742884B5B6F03F00203002BEAD1FE
:104030007B681B6803F00403002B00F097800023CB
:10404000FB75814B1B6C03F08053002B0FD10023B9
:10405000BB607D4B1B6C7C4A43F0805313647A4BEE
:104060001B6C03F08053BB60BB680123FB75774B6F
:104070001B6803F48073002B18D1744B1B68734AC0
:1040800043F480731360FEF73DFA386108E0FEF7F1
:1040900039FA02463B69D31A022B01D903230CE1FA
:1040A0006A4B1B6803F48073002BF0D07B689B681D
:1040B000012B06D1644B1B6F634A43F00103136766
:1040C0001CE07B689B68052B0CD15F4B1B6F5E4A25
:1040D00043F0040313675C4B1B6F5B4A43F001031F
:1040E00013670BE0584B1B6F574A23F0010313670C
:1040F000554B1B6F544A23F0040313677B689B687E
:10410000002B15D0FEF7FEF938610AE0FEF7FAF948
:1041100002463B69D31A41F28832934201D9032304
:10412000CBE0494B1B6F03F00203002BEED014E0F1
:10413000FEF7E8F938610AE0FEF7E4F902463B6968
:10414000D31A41F28832934201D90323B5E03E4BA2
:104150001B6F03F00203002BEED1FB7D012B05D179
:10416000394B1B6C384A23F0805313647B689B697E
:10417000002B00F0A180344B9B6803F00C03082B4C
:104180005CD07B689B69022B41D1314B00221A60C5
:10419000FEF7B8F9386108E0FEF7B4F902463B696A
:1041A000D31A022B01D9032387E0274B1B6803F0A6
:1041B0000073002BF0D17B68DA697B681B6A1A43B5
:1041C0007B685B6A9B011A437B689B6A5B08013BC7
:1041D0001B041A437B68DB6A1B061B4913434B60B5
:1041E0001B4B01221A60FEF78DF9386108E0FEF7DB
:1041F00089F902463B69D31A022B01D903235CE0FB
:10420000114B1B6803F00073002BF0D054E0104BEF
:1042100000221A60FEF776F9386108E0FEF772F9BD
:1042200002463B69D31A022B01D9032345E0064B12
:104230001B6803F00073002BF0D13DE07B689B69A5
:10424000012B07D1012338E0003802400070004004
:10425000600047421B4B5B68FB607B689B69012BDE
:1042600028D0FB6803F480027B68DB699A4221D185
:10427000FB6803F03F027B681B6A9A421AD1FA6816
:1042800047F6C07313407A68526A9201934211D183
:10429000FB6803F440327B689B6A5B08013B1B04AC
:1042A0009A4207D1FB6803F070627B68DB6A1B06E9
:1042B0009A4201D0012300E0002318461837BD467A
:1042C00080BD00BF0038024080B584B000AF786088
:1042D00039607B68002B01D10123CCE0684B1B685F
:1042E00003F007033A689A420CD9654B3A68D2B298
:1042F0001A70634B1B6803F007033A689A4201D0B7
:104300000123B8E07B681B6803F00203002B20D078
:104310007B681B6803F00403002B05D0594B9B6896
:10432000584A43F4E05393607B681B6803F008032A
:10433000002B05D0534B9B68524A43F46043936073
:10434000504B9B6823F0F0027B689B684D491343F8
:104350008B607B681B6803F00103002B44D07B68F3
:104360005B68012B07D1474B1B6803F40033002B1C
:1043700019D101237FE07B685B68022B03D07B6847
:104380005B68032B07D13F4B1B6803F00073002BC6
:1043900009D101236FE03B4B1B6803F00203002BA4
:1043A00001D1012367E0374B9B6823F003027B6850
:1043B0005B68344913438B60FEF7A4F8F8600AE0A9
:1043C000FEF7A0F80246FB68D31A41F28832934206
:1043D00001D903234FE02B4B9B6803F00C027B6851
:1043E0005B689B009A42EBD1254B1B6803F00703E7
:1043F0003A689A420CD2224B3A68D2B21A70204BD9
:104400001B6803F007033A689A4201D0012332E0A7
:104410007B681B6803F00403002B08D0194B9B68D2
:1044200023F4E0527B68DB68164913438B607B689A
:104430001B6803F00803002B09D0124B9B6823F480
:1044400060427B681B69DB000E4913438B6000F000
:1044500021F802460B4B9B681B0903F00F030A4926
:10446000CB5C22FA03F3094A1360094B1B68184618
:10447000FEF704F8002318461037BD4680BD00BF84
:10448000003C02400038024024AE00080800002032
:104490000C0000202DE9B04F94B000AF00237B64E6
:1044A0000023FB6400233B640023BB64794B9B68BF
:1044B00003F00C03082B0DD0082B00F2E180002B39
:1044C00002D0042B03D0DBE0734BBB64DBE0734B07
:1044D000BB64D8E06F4B5B6803F03F037B646D4BBC
:1044E0005B6803F48003002B63D06A4B5B689B0915
:1044F0000022BB63FA63BB6BC3F308033B63002377
:104500007B63D7E90C4522462B464FF000004FF065
:104510000001590141EAD261500102460B46214691
:10452000511A3961294663EB01037B614FF00002A8
:104530004FF00003D7E904AB59468B01514643EADB
:10454000916351468A015146B2EB0108594663EB2B
:1045500001094FF000024FF000034FEAC90343EA9C
:1045600058734FEAC80290469946234618EB030356
:10457000BB602B4649EB0303FB604FF000024FF09A
:104580000003D7E9024529464B02214643EAD153AD
:1045900021464A02104619467B6C0022BB62FA6231
:1045A000D7E90A23FBF76CFE02460B461346FB6471
:1045B00058E0384B5B689B09002218461146C0F34F
:1045C00008033B6200237B62D7E9088942464B46D9
:1045D0004FF000004FF00001590141EAD261500153
:1045E00002460B464146B2EB010A494663EB010B1A
:1045F0004FF000024FF000034FEA8B1343EA9A6337
:104600004FEA8A12B2EB0A0463EB0B054FF000028B
:104610004FF00003EB0043EA5473E20014461D46DA
:104620004346E3183B604B4645EB03037B604FF08A
:1046300000024FF00003D7E9004529468B022146CE
:1046400043EA915321468A02104619467B6C0022A8
:10465000BB61FA61D7E90623FBF712FE02460B465F
:104660001346FB640B4B5B681B0C03F00303013325
:104670005B003B64FA6C3B6CB2FBF3F3BB6402E09F
:10468000054BBB6400BFBB6C18465037BD46BDE848
:10469000B08F00BF003802400024F40000127A00FE
:1046A00080B400AF034B1B681846BD465DF8047B21
:1046B000704700BF0800002080B500AFFFF7F0FF93
:1046C0000246054B9B689B0A03F007030349CB5C3A
:1046D00022FA03F3184680BD0038024034AE0008C9
:1046E00080B500AFFFF7DCFF0246054B9B685B0B14
:1046F00003F007030349CB5C22FA03F3184680BD9D
:104700000038024034AE000880B582B000AF786057
:104710007B68002B01D101237BE07B685B6A002B67
:1047200008D17B685B68B3F5827F09D07B68002283
:10473000DA6105E07B6800221A617B6800225A6119
:104740007B6800229A627B6893F85130DBB2002BC1
:1047500006D17B68002283F850207868FDF75AFA6A
:104760007B68022283F851207B681B681A687B688B
:104770001B6822F040021A607B685B6803F4827257
:104780007B689B6803F404431A437B68DB6803F48B
:1047900000631A437B681B6903F002031A437B68BA
:1047A0005B6903F001031A437B689B6903F40073A0
:1047B0001A437B68DB6903F038031A437B681B6A82
:1047C00003F0800342EA03017B689B6A03F4005212
:1047D0007B681B680A431A607B689B691B0C03F0AB
:1047E00004017B685B6A03F010027B681B680A4364
:1047F0005A607B681B68DA697B681B6822F4006278
:10480000DA617B6800225A657B68012283F85120B7
:10481000002318460837BD4680BD80B588B000AF7C
:10482000F860B9603B601346FB800023FB77FB68B0
:1048300093F85030012B01D1022326E1FB680122BD
:1048400083F85020FDF75EFEB861FB88FB82FB68B1
:1048500093F85130DBB2012B02D00223FB770BE13E
:10486000BB68002B02D0FB88002B02D10123FB7711
:1048700002E1FB68032283F85120FB6800225A659D
:10488000FB68BA681A63FB68FA889A86FB68FA883C
:10489000DA86FB6800229A63FB6800229A87FB682D
:1048A0000022DA87FB6800225A64FB6800221A643F
:1048B000FB689B68B3F5004F0FD1FB681B681A6853
:1048C000FB681B6822F040021A60FB681B681A68CC
:1048D000FB681B6842F480421A60FB681B681B6817
:1048E00003F04003402B07D0FB681B681A68FB6885
:1048F0001B6842F040021A60FB68DB68B3F5006F8A
:104900004BD1FB685B68002B02D0FB8A012B3ED1A8
:10491000FB681B6B1A88FB681B68DA60FB681B6B03
:104920009A1CFB681A63FB68DB8E9BB2013B9AB250
:10493000FB68DA862BE0FB681B689B6803F00203C8
:10494000022B12D1FB681B6B1A88FB681B68DA60AC
:10495000FB681B6B9A1CFB681A63FB68DB8E9BB2BF
:10496000013B9AB2FB68DA8611E0FDF7CBFD024607
:10497000BB69D31A3A689A4203D83B68B3F1FF3F48
:1049800002D13B68002B02D10323FB7774E0FB6864
:10499000DB8E9BB2002BCED14CE0FB685B68002B1A
:1049A00002D0FB8A012B40D1FB681A6BFB681B68A5
:1049B0000C3312781A70FB681B6B5A1CFB681A6365
:1049C000FB68DB8E9BB2013B9AB2FB68DA862CE077
:1049D000FB681B689B6803F00203022B13D1FB6882
:1049E0001A6BFB681B680C3312781A70FB681B6B20
:1049F0005A1CFB681A63FB68DB8E9BB2013B9AB2C0
:104A0000FB68DA8611E0FDF77DFD0246BB69D31A2B
:104A10003A689A4203D83B68B3F1FF3F02D13B6842
:104A2000002B02D10323FB7726E0FB68DB8E9BB2D1
:104A3000002BCDD1BA693968F86800F0CBFB03468A
:104A4000002B02D0FB6820225A65FB689B68002B74
:104A50000AD100233B61FB681B68DB683B61FB6894
:104A60001B689B683B613B69FB685B6D002B02D058
:104A70000123FB7700E000BFFB68012283F851208F
:104A8000FB68002283F85020FB7F18462037BD4684
:104A900080BD80B588B002AFF860B9603B60134656
:104AA000FB800023FB75FB685B68B3F5827F12D146
:104AB000FB689B68002B0ED1FB68042283F8512011
:104AC000FA883B6800931346BA68B968F86800F042
:104AD000F1F80346EAE0FB6893F85030012B01D16E
:104AE0000223E3E0FB68012283F85020FDF70AFD72
:104AF0003861FB6893F85130DBB2012B02D00223FE
:104B0000FB75CAE0BB68002B02D0FB88002B02D1EA
:104B10000123FB75C1E0FB68042283F85120FB6888
:104B200000225A65FB68BA689A63FB68FA889A871C
:104B3000FB68FA88DA87FB6800221A63FB680022A8
:104B40009A86FB680022DA86FB6800221A64FB68FA
:104B500000225A64FB689B68B3F5004F0FD1FB68D5
:104B60001B681A68FB681B6822F040021A60FB6829
:104B70001B681A68FB681B6822F480421A60FB6895
:104B80001B681B6803F04003402B07D0FB681B68C1
:104B90001A68FB681B6842F040021A60FB68DB6819
:104BA000002B62D12EE0FB681B689B6803F00103B9
:104BB000012B15D1FB681B6803F10C02FB689B6B92
:104BC0001278D2B21A70FB689B6B5A1CFB689A630E
:104BD000FB68DB8F9BB2013B9AB2FB68DA8711E07E
:104BE000FDF790FC02463B69D31A3A689A4203D813
:104BF0003B68B3F1FF3F02D13B68002B02D1032396
:104C0000FB754AE0FB68DB8F9BB2002BCBD131E018
:104C1000FB681B689B6803F00103012B13D1FB6841
:104C20001B68DA68FB689B6B92B21A80FB689B6B0F
:104C30009A1CFB689A63FB68DB8F9BB2013B9AB2BC
:104C4000FB68DA8711E0FDF75DFC02463B69D31A89
:104C50003A689A4203D83B68B3F1FF3F02D13B6800
:104C6000002B02D10323FB7517E0FB68DB8F9BB29F
:104C7000002BCDD13A693968F86800F045FA03464F
:104C8000002B02D0FB6820225A65FB685B6D002B6D
:104C900002D00123FB7500E000BFFB68012283F80E
:104CA0005120FB68002283F85020FB7D18461837FE
:104CB000BD4680BD80B58CB000AFF860B9607A6049
:104CC0007B800123FB62002387F82B30FB6893F87D
:104CD0005030012B01D102238AE1FB68012283F8C5
:104CE0005020FDF70FFC7862FB6893F8513087F88D
:104CF0002330FB685B68FB617B887B8397F82330FC
:104D0000012B0FD0FB69B3F5827F07D1FB689B684D
:104D1000002B03D197F82330042B03D0022387F80C
:104D20002B305BE1BB68002B05D07B68002B02D0E9
:104D30007B88002B03D1012387F82B304EE1FB68E1
:104D400093F85130DBB2042B03D0FB68052283F8C3
:104D50005120FB6800225A65FB687A689A63FB68F9
:104D60007A88DA87FB687A889A87FB68BA681A6358
:104D7000FB687A88DA86FB687A889A86FB68002264
:104D80001A64FB6800225A64FB681B681B6803F006
:104D90004003402B07D0FB681B681A68FB681B6840
:104DA00042F040021A60FB68DB68B3F5006F78D10F
:104DB000FB685B68002B02D07B8B012B66D1FB6804
:104DC0001B6B1A88FB681B68DA60FB681B6B9A1CFC
:104DD000FB681A63FB68DB8E9BB2013B9AB2FB68EF
:104DE000DA8653E0FB681B689B6803F00203022B22
:104DF0001BD1FB68DB8E9BB2002B16D0FB6A012B0C
:104E000013D1FB681B6B1A88FB681B68DA60FB68B0
:104E10001B6B9A1CFB681A63FB68DB8E9BB2013B21
:104E20009AB2FB68DA860023FB62FB681B689B680A
:104E300003F00103012B19D1FB68DB8F9BB2002B20
:104E400014D0FB681B68DA68FB689B6B92B21A800F
:104E5000FB689B6B9A1CFB689A63FB68DB8F9BB2B9
:104E6000013B9AB2FB68DA870123FB62FDF74AFB3C
:104E700002467B6AD31ABA6B9A4207D8BB6BB3F16E
:104E8000FF3F03D0032387F82B30A7E0FB68DB8EBE
:104E90009BB2002BA6D1FB68DB8F9BB2002BA1D16C
:104EA0007CE0FB685B68002B02D07B8B012B6BD115
:104EB000FB681A6BFB681B680C3312781A70FB686E
:104EC0001B6B5A1CFB681A63FB68DB8E9BB2013BB1
:104ED0009AB2FB68DA8657E0FB681B689B6803F0B0
:104EE0000203022B1CD1FB68DB8E9BB2002B17D078
:104EF000FB6A012B14D1FB681A6BFB681B680C332F
:104F000012781A70FB681B6B5A1CFB681A63FB68EB
:104F1000DB8E9BB2013B9AB2FB68DA860023FB6210
:104F2000FB681B689B6803F00103012B19D1FB6828
:104F3000DB8F9BB2002B14D0FB681B68DA68FB6820
:104F40009B6BD2B21A70FB689B6B5A1CFB689A630E
:104F5000FB68DB8F9BB2013B9AB2FB68DA870123C7
:104F6000FB62FDF7CFFA02467B6AD31ABA6B9A420C
:104F700003D8BB6BB3F1FF3F02D1BB6B002B03D156
:104F8000032387F82B3029E0FB68DB8E9BB2002BD4
:104F9000A2D1FB68DB8F9BB2002B9DD17A6AB96BE3
:104FA000F86800F017F90346002B06D0012387F8B4
:104FB0002B30FB6820225A6510E0FB689B68002BB1
:104FC0000BD100237B61FB681B68DB687B61FB689E
:104FD0001B689B687B617B6900E000BFFB68012266
:104FE00083F85120FB68002283F8502097F82B307B
:104FF00018463037BD4680BD80B588B000AFF86038
:10500000B9603B601346FB71FDF77CFA0246BB6A50
:105010009B1A3A681344FB61FDF774FAB861394B87
:105020001B685B011B0DFA6902FB03F37B6154E013
:105030003B68B3F1FF3F50D0FDF764FA0246BB690D
:10504000D31AFA699A4202D9FB69002B3DD1FB6859
:105050001B685A68FB681B6822F0E0025A60FB6814
:105060005B68B3F5827F11D1FB689B68B3F5004F95
:1050700004D0FB689B68B3F5806F07D1FB681B68A1
:105080001A68FB681B6822F040021A60FB689B6A82
:10509000B3F5005F0FD1FB681B681A68FB681B68DB
:1050A00022F400521A60FB681B681A68FB681B68D0
:1050B00042F400521A60FB68012283F85120FB6819
:1050C000002283F85020032317E07B69002B01D1D5
:1050D0000023FB617B69013B7B61FB681B689A686D
:1050E000BB681340BA689A420CBF01230023DBB2AD
:1050F0001A46FB799A429BD1002318462037BD46B9
:1051000080BD00BF0800002080B586B002AFF86007
:10511000B9607A60FB685B68B3F5827F11D1FB6888
:105120009B68B3F5004F04D0FB689B68B3F5806FB4
:1051300007D1FB681B681A68FB681B6822F04002F5
:105140001A60FB685B68B3F5827F2AD1FB689B68B5
:10515000B3F5806F12D07B680093BB68002280217A
:10516000F868FFF749FF0346002B2DD0FB685B6D05
:1051700043F02002FB685A65032326E07B68009316
:10518000BB6800220121F868FFF736FF0346002BB9
:105190001AD0FB685B6D43F02002FB685A6503235D
:1051A00013E07B680093BB6800220121F868FFF7D9
:1051B00023FF0346002B07D0FB685B6D43F0200202
:1051C000FB685A65032300E0002318461037BD46EC
:1051D00080BD000080B588B002AFF860B9607A6029
:1051E0001B4B1B681B4AA2FB03235B0D4FF47A7217
:1051F00002FB03F37B61FB685B68B3F5827F12D12E
:105200007B680093BB6800228021F868FFF7F4FEFA
:105210000346002B16D0FB685B6D43F02002FB6851
:105220005A6503230FE07B69002B0AD07B69013BA1
:105230007B61FB681B689B6803F08003802BF2D0C6
:1052400000E000BF002318461837BD4680BD00BFF0
:1052500008000020819F5E1680B584B000AFF86022
:10526000B9607A60FB68002B01D1012334E0FB6850
:1052700093F84930DBB2002B06D1FB68002283F89B
:105280004820F868FBF76AFCFB681A68FB6808337B
:105290001946104602F04EF8FB681868FB689B68D8
:1052A0001A46B96802F098F8FB685868FB689A6873
:1052B000FB681B6B796802F0CDF8FB681B68FA6825
:1052C000926853F82210FB681B68FA68926841F0F4
:1052D000010143F82210002318461037BD4680BD57
:1052E00080B582B000AF78607B68002B01D10123CC
:1052F00041E07B6893F83D30DBB2002B06D17B6840
:10530000002283F83C207868FCF77EFE7B6802224E
:1053100083F83D207B681A687B6804331946104681
:1053200000F01AFC7B68012283F846207B6801228A
:1053300083F83E207B68012283F83F207B680122AE
:1053400083F840207B68012283F841207B6801229A
:1053500083F842207B68012283F843207B68012286
:1053600083F844207B68012283F845207B68012272
:1053700083F83D20002318460837BD4680BD000055
:1053800080B485B000AF78607B6893F83D30DBB2C5
:10539000012B01D0012346E07B68022283F83D20E7
:1053A0007B681B68234A934222D07B681B68B3F159
:1053B000804F1DD07B681B681F4A934218D07B68C2
:1053C0001B681E4A934213D07B681B681C4A934299
:1053D0000ED07B681B681B4A934209D07B681B6810
:1053E000194A934204D07B681B68184A934211D132
:1053F0007B681B689B6803F00703FB60FB68062B58
:1054000010D07B681B681A687B681B6842F0010239
:105410001A6007E07B681B681A687B681B6842F0AB
:1054200001021A60002318461437BD465DF8047B5C
:10543000704700BF00000140000400400008004029
:10544000000C0040000401400040014000180040F2
:1054500080B485B000AF78607B6893F83D30DBB2F4
:10546000012B01D001234EE07B68022283F83D200E
:105470007B681B68DA687B681B6842F00102DA60AF
:105480007B681B68234A934222D07B681B68B3F178
:10549000804F1DD07B681B681F4A934218D07B68E1
:1054A0001B681E4A934213D07B681B681C4A9342B8
:1054B0000ED07B681B681B4A934209D07B681B682F
:1054C000194A934204D07B681B68184A934211D151
:1054D0007B681B689B6803F00703FB60FB68062B77
:1054E00010D07B681B681A687B681B6842F0010259
:1054F0001A6007E07B681B681A687B681B6842F0CB
:1055000001021A60002318461437BD465DF8047B7B
:10551000704700BF00000140000400400008004048
:10552000000C004000040140004001400018004011
:1055300080B582B000AF78607B68002B01D1012379
:1055400041E07B6893F83D30DBB2002B06D17B68ED
:10555000002283F83C20786800F039F87B6802224A
:1055600083F83D207B681A687B680433194610462F
:1055700000F0F2FA7B68012283F846207B68012262
:1055800083F83E207B68012283F83F207B6801225C
:1055900083F840207B68012283F841207B68012248
:1055A00083F842207B68012283F843207B68012234
:1055B00083F844207B68012283F845207B68012220
:1055C00083F83D20002318460837BD4680BD80B4CF
:1055D00083B000AF786000BF0C37BD465DF8047B38
:1055E000704780B582B000AF78607B681B681B692C
:1055F00003F00203022B22D17B681B68DB6803F0F7
:105600000203022B1BD17B681B686FF002021A6138
:105610007B6801221A777B681B689B6903F0030390
:10562000002B03D0786800F078FA05E0786800F085
:105630006AFA786800F07BFA7B6800221A777B6848
:105640001B681B6903F00403042B22D17B681B68D1
:10565000DB6803F00403042B1BD17B681B686FF02D
:1056600004021A617B6802221A777B681B689B69B7
:1056700003F44073002B03D0786800F04EFA05E085
:10568000786800F040FA786800F051FA7B680022F0
:105690001A777B681B681B6903F00803082B22D16B
:1056A0007B681B68DB6803F00803082B1BD17B6851
:1056B0001B686FF008021A617B6804221A777B6806
:1056C0001B68DB6903F00303002B03D0786800F04C
:1056D00024FA05E0786800F016FA786800F027FAF6
:1056E0007B6800221A777B681B681B6903F0100334
:1056F000102B22D17B681B68DB6803F01003102B92
:105700001BD17B681B686FF010021A617B6808224E
:105710001A777B681B68DB6903F44073002B03D0A6
:10572000786800F0FAF905E0786800F0ECF978683C
:1057300000F0FDF97B6800221A777B681B681B6903
:1057400003F00103012B0ED17B681B68DB6803F0BB
:105750000103012B07D17B681B686FF001021A61FE
:105760007868FCF7F7F97B681B681B6903F0800316
:10577000802B0ED17B681B68DB6803F08003802BD5
:1057800007D17B681B686FF080021A61786800F0AF
:1057900053FD7B681B681B6903F04003402B0ED14F
:1057A0007B681B68DB6803F04003402B07D17B68F4
:1057B0001B686FF040021A61786800F0C2F97B68DC
:1057C0001B681B6903F02003202B0ED17B681B682C
:1057D000DB6803F02003202B07D17B681B686FF088
:1057E00020021A61786800F01DFD00BF0837BD4631
:1057F00080BD000080B586B000AFF860B9607A6007
:105800000023FB75FB6893F83C30012B01D1022388
:10581000AEE0FB68012283F83C207B680C2B00F291
:105820009F8001A252F823F05D58000861590008DA
:1058300061590008615900089D5800086159000825
:105840006159000861590008DF58000861590008D3
:1058500061590008615900081F590008FB681B685E
:10586000B968184600F018FAFB681B689A69FB686B
:105870001B6842F008029A61FB681B689A69FB6822
:105880001B6822F004029A61FB681B689969BB6877
:105890001A69FB681B680A439A6164E0FB681B682D
:1058A000B968184600F068FAFB681B689A69FB68DB
:1058B0001B6842F400629A61FB681B689A69FB6886
:1058C0001B6822F480629A61FB681B689969BB6857
:1058D0001B691A02FB681B680A439A6143E0FB6874
:1058E0001B68B968184600F0BDFAFB681B68DA69E6
:1058F000FB681B6842F00802DA61FB681B68DA6922
:10590000FB681B6822F00402DA61FB681B68D96936
:10591000BB681A69FB681B680A43DA6123E0FB680D
:105920001B68B968184600F011FBFB681B68DA6950
:10593000FB681B6842F40062DA61FB681B68DA6985
:10594000FB681B6822F48062DA61FB681B68D96916
:10595000BB681B691A02FB681B680A43DA6102E034
:105960000123FB7500BFFB68002283F83C20FB7D10
:1059700018461837BD4680BD80B584B000AF78604A
:1059800039600023FB737B6893F83C30012B01D115
:105990000223B4E07B68012283F83C207B6802226A
:1059A00083F83D207B681B689B68BB60BB6823F065
:1059B0007703BB60BB6823F47F43BB607B681B68D5
:1059C000BA689A603B681B68B3F5005F3ED0B3F5D8
:1059D000005F00F28780B3F5805F00F08680B3F54A
:1059E000805F7FD8702B1AD0702B7BD8602B50D063
:1059F000602B77D8502B3CD0502B73D8402B58D0ED
:105A0000402B6FD8302B64D0302B6BD8202B60D03C
:105A1000202B67D8002B5CD0102B5AD062E07B681B
:105A200018683B6899683B685A683B68DB6800F017
:105A30005DFB7B681B689B68BB60BB6843F07703BA
:105A4000BB607B681B68BA689A604FE07B68186827
:105A50003B6899683B685A683B68DB6800F046FB26
:105A60007B681B689A687B681B6842F480429A6076
:105A70003CE07B6818683B6859683B68DB681A46FD
:105A800000F0BAFA7B681B685021184600F013FB3F
:105A90002CE07B6818683B6859683B68DB681A46ED
:105AA00000F0D9FA7B681B686021184600F003FB00
:105AB0001CE07B6818683B6859683B68DB681A46DD
:105AC00000F09AFA7B681B684021184600F0F3FA50
:105AD0000CE07B681A683B681B681946104600F0AA
:105AE000EAFA03E00123FB7300E000BF7B680122B8
:105AF00083F83D207B68002283F83C20FB7B18461E
:105B00001037BD4680BD80B483B000AF786000BF61
:105B10000C37BD465DF8047B704780B483B000AF9E
:105B2000786000BF0C37BD465DF8047B704780B4D9
:105B300083B000AF786000BF0C37BD465DF8047BD2
:105B4000704780B483B000AF786000BF0C37BD46AB
:105B50005DF8047B7047000080B485B000AF7860CA
:105B600039607B681B68FB607B68404A934213D0B6
:105B70007B68B3F1804F0FD07B683D4A93420BD0D6
:105B80007B683C4A934207D07B683B4A934203D0F0
:105B90007B683A4A934208D1FB6823F07003FB60AC
:105BA0003B685B68FA681343FB607B682F4A93424B
:105BB0002BD07B68B3F1804F27D07B682C4A93426F
:105BC00023D07B682B4A93421FD07B682A4A93429A
:105BD0001BD07B68294A934217D07B68284A93429E
:105BE00013D07B68274A93420FD07B68264A9342A2
:105BF0000BD07B68254A934207D07B68244A9342A6
:105C000003D07B68234A934208D1FB6823F4407396
:105C1000FB603B68DB68FA681343FB60FB6823F0BA
:105C200080023B685B691343FB607B68FA681A601B
:105C30003B689A687B68DA623B681A687B689A629C
:105C40007B680A4A934203D07B680C4A934203D193
:105C50003B681A697B681A637B6801225A6100BF3E
:105C60001437BD465DF8047B704700BF000001405B
:105C70000004004000080040000C00400004014007
:105C8000004001400044014000480140001800402D
:105C9000001C00400020004080B487B000AF786056
:105CA00039607B681B6A23F001027B681A627B689B
:105CB0001B6A7B617B685B683B617B689B69FB60FF
:105CC000FB6823F07003FB60FB6823F00303FB60B9
:105CD0003B681B68FA681343FB607B6923F002038F
:105CE0007B613B689B687A6913437B617B68204AD0
:105CF000934203D07B681F4A93420CD17B6923F007
:105D000008037B613B68DB687A6913437B617B69CD
:105D100023F004037B617B68154A934203D07B68C0
:105D2000144A934211D13B6923F480733B613B6970
:105D300023F400733B613B685B693A6913433B6141
:105D40003B689B693A6913433B617B683A695A60D7
:105D50007B68FA689A613B685A687B685A637B681B
:105D60007A691A6200BF1C37BD465DF8047B704734
:105D7000000001400004014080B487B000AF7860AB
:105D800039607B681B6A23F010027B681A627B68AB
:105D90001B6A7B617B685B683B617B689B69FB601E
:105DA000FB6823F4E043FB60FB6823F44073FB6073
:105DB0003B681B681B02FA681343FB607B6923F096
:105DC00020037B613B689B681B017A6913437B61FD
:105DD0007B68224A934203D07B68214A93420DD1CB
:105DE0007B6923F080037B613B68DB681B017A6978
:105DF00013437B617B6923F040037B617B68174A17
:105E0000934203D07B68164A934213D13B6923F433
:105E100080633B613B6923F400633B613B685B69E2
:105E20009B003A6913433B613B689B699B003A695D
:105E300013433B617B683A695A607B68FA689A61F0
:105E40003B685A687B689A637B687A691A6200BF0C
:105E50001C37BD465DF8047B704700BF0000014061
:105E60000004014080B487B000AF786039607B687F
:105E70001B6A23F480727B681A627B681B6A7B61F1
:105E80007B685B683B617B68DB69FB60FB6823F0D8
:105E90007003FB60FB6823F00303FB603B681B6837
:105EA000FA681343FB607B6923F400737B613B68F2
:105EB0009B681B027A6913437B617B68214A93428A
:105EC00003D07B68204A93420DD17B6923F40063A1
:105ED0007B613B68DB681B027A6913437B617B69EA
:105EE00023F480637B617B68164A934203D07B680E
:105EF000154A934213D13B6923F480533B613B69BC
:105F000023F400533B613B685B691B013A6913430F
:105F10003B613B689B691B013A6913433B617B68AA
:105F20003A695A607B68FA68DA613B685A687B684C
:105F3000DA637B687A691A6200BF1C37BD465DF878
:105F4000047B7047000001400004014080B487B02A
:105F500000AF786039607B681B6A23F480527B68ED
:105F60001A627B681B6A3B617B685B687B617B684C
:105F7000DB69FB60FB6823F4E043FB60FB6823F410
:105F80004073FB603B681B681B02FA681343FB60AD
:105F90003B6923F400533B613B689B681B033A69F0
:105FA00013433B617B68124A934203D07B68114ADA
:105FB000934209D17B6923F480437B613B685B6931
:105FC0009B017A6913437B617B687A695A607B68BD
:105FD000FA68DA613B685A687B681A647B683A69D8
:105FE0001A6200BF1C37BD465DF8047B704700BFD6
:105FF000000001400004014080B487B000AFF860A9
:10600000B9607A60FB681B6A7B61FB681B6A23F0DE
:106010000102FB681A62FB689B693B613B6923F0E4
:10602000F0033B617B681B013A6913433B617B6969
:1060300023F00A037B617A69BB6813437B61FB68C9
:106040003A699A61FB687A691A6200BF1C37BD46DB
:106050005DF8047B704780B487B000AFF860B9602A
:106060007A60FB681B6A23F01002FB681A62FB6807
:106070009B697B61FB681B6A3B617B6923F470430E
:106080007B617B681B037A6913437B613B6923F067
:10609000A0033B61BB681B013A6913433B61FB688A
:1060A0007A699A61FB683A691A6200BF1C37BD467B
:1060B0005DF8047B704780B485B000AF78603960CC
:1060C0007B689B68FB60FB6823F07003FB603A68A9
:1060D000FB68134343F00703FB607B68FA689A6030
:1060E00000BF1437BD465DF8047B704780B487B0AD
:1060F00000AFF860B9607A603B60FB689B687B61C9
:106100007B6923F47F437B613B681A027B681A43F7
:10611000BB6813437A6913437B61FB687A699A60B1
:1061200000BF1C37BD465DF8047B704780B485B066
:1061300000AF786039607B6893F83C30012B01D167
:1061400002235AE07B68012283F83C207B6802220C
:1061500083F83D207B681B685B68FB607B681B687D
:106160009B68BB60FB6823F07003FB603B681B68A7
:10617000FA681343FB607B681B68FA685A607B68A7
:106180001B68214A934222D07B681B68B3F1804F81
:106190001DD07B681B681D4A934218D07B681B6822
:1061A0001B4A934213D07B681B681A4A93420ED055
:1061B0007B681B68184A934209D07B681B68174AA2
:1061C000934204D07B681B68154A93420CD1BB688C
:1061D00023F08003BB603B685B68BA681343BB6015
:1061E0007B681B68BA689A607B68012283F83D204F
:1061F0007B68002283F83C20002318461437BD46F4
:106200005DF8047B704700BF0000014000040040BF
:1062100000080040000C0040000401400040014024
:106220000018004080B483B000AF786000BF0C3726
:10623000BD465DF8047B704780B483B000AF7860E2
:1062400000BF0C37BD465DF8047B704780B582B057
:1062500000AF78607B68002B01D101233FE07B68B1
:1062600093F83D30DBB2002B06D17B68002283F827
:106270003C207868FCF72AF87B68242283F83D20CC
:106280007B681B68DA687B681B6822F40052DA605E
:10629000786800F0DBFD7B681B681A697B681B6807
:1062A00022F490421A617B681B685A697B681B68FC
:1062B00022F02A025A617B681B68DA687B681B68D7
:1062C00042F40052DA607B6800221A647B68202264
:1062D00083F83D207B68202283F83E200023184667
:1062E0000837BD4680BD80B58AB002AFF860B9609E
:1062F0003B601346FB8000237B61FB6893F83D30D5
:10630000DBB2202B7CD1BB68002B02D0FB88002B9A
:1063100001D1012375E0FB6893F83C30012B01D1DA
:1063200002236EE0FB68012283F83C20FB68002218
:106330001A64FB68212283F83D20FCF7E3F87861BA
:10634000FB68FA889A84FB68FA88DA84FB689B68A1
:10635000B3F5805F08D1FB681B69002B04D10023D3
:10636000FB61BB68BB6103E0BB68FB610023BB61F1
:10637000FB68002283F83C202AE03B6800937B699D
:1063800000228021F86800F01FFB0346002B01D09B
:10639000032336E0FB69002B0BD1BB691B881A462F
:1063A000FB681B68C2F308025A60BB690233BB6119
:1063B00007E0FB691A78FB681B685A60FB690133C8
:1063C000FB61FB68DB8C9BB2013B9AB2FB68DA8411
:1063D000FB68DB8C9BB2002BCFD13B6800937B69C1
:1063E00000224021F86800F0EFFA0346002B01D0AC
:1063F000032306E0FB68202283F83D20002300E011
:10640000022318462037BD4680BD80B584B000AF5A
:10641000F860B9601346FB80FB6893F83E30DBB24E
:10642000202B1DD1BB68002B02D0FB88002B01D193
:10643000012316E0FB6893F83C30012B01D10223C5
:106440000FE0FB68012283F83C20FB6800221A63FE
:10645000FB881A46B968F86800F024FB034600E0A0
:10646000022318461037BD4680BD000080B5BAB083
:1064700000AF78607B681B681B68C7F8E4307B68F6
:106480001B68DB68C7F8E0307B681B685B69C7F88E
:10649000DC300023C7F8D8300023C7F8D430D7F851
:1064A000E43003F00F03C7F8D830D7F8D830002B0A
:1064B0000FD1D7F8E43003F02003002B09D0D7F830
:1064C000E03003F02003002B03D0786800F003FCD9
:1064D00056E2D7F8D830002B00F0DE80D7F8DC3059
:1064E00003F00103002B06D1D7F8E03003F49073DA
:1064F000002B00F0D180D7F8E43003F00103002B2B
:106500000BD0D7F8E03003F48073002B05D07B6804
:106510001B6C43F001027B681A64D7F8E43003F087
:106520000403002B0BD0D7F8DC3003F00103002B61
:1065300005D07B681B6C43F002027B681A64D7F8B5
:10654000E43003F00203002B0BD0D7F8DC3003F06B
:106550000103002B05D07B681B6C43F004027B68B1
:106560001A64D7F8E43003F00803002B11D0D7F8F1
:10657000E03003F02003002B05D1D7F8DC3003F026
:106580000103002B05D07B681B6C43F008027B687D
:106590001A647B681B6C002B00F0ED81D7F8E430A7
:1065A00003F02003002B08D0D7F8E03003F02003DD
:1065B000002B02D0786800F08EFB7B681B685B695B
:1065C00003F04003402B0CBF01230023DBB2C7F8CC
:1065D000D4307B681B6C03F00803002B03D1D7F881
:1065E000D430002B4FD0786800F096FA7B681B6897
:1065F0005B6903F04003402B41D17B681B68143377
:10660000C7F89C30D7F89C3053E8003FC7F8983063
:10661000D7F8983023F04003C7F8D0307B681B6868
:106620001433D7F8D020C7F8A820C7F8A430D7F87B
:10663000A410D7F8A82041E80023C7F8A030D7F865
:10664000A030002BD9D17B689B6B002B13D07B68CB
:106650009B6B7D4A1A657B689B6B1846FCF71CFE9A
:106660000346002B16D07B689B6B1B6D7A68926B80
:10667000104698470EE0786800F090F90AE07868D4
:1066800000F08CF906E0786800F088F97B68002259
:106690001A6470E100BF6EE17B681B6B012B40F058
:1066A0004A81D7F8E43003F01003002B00F0438157
:1066B000D7F8E03003F01003002B00F03C810023FA
:1066C000BB607B681B681B68BB607B681B685B6882
:1066D000BB60BB687B681B685B6903F04003402BB1
:1066E00040F0B4807B689B6B1B685B68A7F8BE308A
:1066F000B7F8BE30002B00F040817B689B8DB7F867
:10670000BE209A4280F039817B68B7F8BE20DA85D6
:106710007B689B6BDB69B3F5807F00F088807B68CA
:106720001B680C33C7F88830D7F8883053E8003F2F
:10673000C7F88430D7F8843023F48073C7F8B830B2
:106740007B681B680C33D7F8B820C7F89420C7F8CB
:106750009030D7F89010D7F8942041E80023C7F87C
:106760008C30D7F88C30002BD9D17B681B68143360
:106770007B677B6F53E8003F3B673B6F23F0010370
:10678000C7F8B4307B681B681433D7F8B420C7F857
:106790008020FB67F96FD7F8802041E80023BB67B2
:1067A000BB6F002BE1D17B681B6814333B663B6EEB
:1067B00053E8003FFB65FB6D23F04003C7F8B030A2
:1067C0007B681B681433D7F8B020FA66BB66B96ED5
:1067D000FA6E41E800237B667B6E002BE3D17B6879
:1067E000202283F83E207B6800221A637B681B68A6
:1067F0000C33FB64FB6C53E8003FBB64BB6C23F0C1
:106800001003C7F8AC307B681B680C33D7F8AC209A
:10681000BA657B65796DBA6D41E800233B653B6DD8
:10682000002BE3D17B689B6B1846FCF7C5FC7B68AB
:106830009A8D7B68DB8D9BB2D31A9BB21946786820
:1068400000F0B6F899E000BFDF6B00087B689A8D16
:106850007B68DB8D9BB2D31AA7F8CE307B68DB8DCB
:106860009BB2002B00F08B80B7F8CE30002B00F0ED
:1068700086807B681B680C33BB63BB6B53E8003FAF
:106880007B637B6B23F49073C7F8C8307B681B680D
:106890000C33D7F8C8207A643B64396C7A6C41E8D1
:1068A0000023FB63FB6B002BE3D17B681B68143375
:1068B0007B627B6A53E8003F3B623B6A23F0010343
:1068C000C7F8C4307B681B681433D7F8C4203A6318
:1068D000FB62F96A3A6B41E80023BB62BB6A002B9A
:1068E000E3D17B68202283F83E207B6800221A6374
:1068F0007B681B680C333B613B6953E8003FFB60DE
:10690000FB6823F01003C7F8C0307B681B680C33AA
:10691000D7F8C020FA61BB61B969FA6941E8002380
:106920007B617B69002BE3D1B7F8CE3019467868DC
:1069300000F03EF823E0D7F8E43003F08003002BAA
:1069400009D0D7F8E03003F08003002B03D078683B
:1069500000F059F914E0D7F8E43003F04003002BBD
:106960000ED0D7F8E03003F04003002B08D0786851
:1069700000F099F904E000BF02E000BF00E000BFB2
:10698000E837BD4680BD00BF80B483B000AF7860FB
:1069900000BF0C37BD465DF8047B704780B483B000
:1069A00000AF786000BF0C37BD465DF8047B7047D0
:1069B00080B483B000AF78600B467B8000BF0C379B
:1069C000BD465DF8047B704780B590B000AFF860BD
:1069D000B9603B601346FB7150E0BB6CB3F1FF3F05
:1069E0004CD0BB6C002B07D0FBF78CFD02463B68FC
:1069F000D31ABA6C9A4241D2FB681B680C33BB6253
:106A0000BB6A53E8003F7B627B6A23F4D073FB636D
:106A1000FB681B680C33FA6B7A633B63396B7A6BE8
:106A200041E80023FB62FB6A002BE5D1FB681B6891
:106A300014337B617B6953E8003F3B613B6923F082
:106A40000103BB63FB681B681433BA6B3A62FB61DA
:106A5000F9693A6A41E80023BB61BB69002BE5D1C3
:106A6000FB68202283F83D20FB68202283F83E202B
:106A7000FB68002283F83C2003230FE0FB681B68BF
:106A80001A68BB681340BA689A420CBF01230023FE
:106A9000DBB21A46FB799A429FD000231846403752
:106AA000BD4680BD80B485B000AFF860B9601346C4
:106AB000FB80FB68BA689A62FB68FA889A85FB6873
:106AC000FA88DA85FB6800221A64FB68222283F8C0
:106AD0003E20FB68002283F83C20FB681B68DA68D4
:106AE000FB681B6842F48072DA60FB681B685A69B5
:106AF000FB681B6842F001025A61FB681B68DA6898
:106B0000FB681B6842F02002DA6000231846143745
:106B1000BD465DF8047B704780B495B000AF7860E7
:106B20007B681B680C337B637B6B53E8003F3B63E4
:106B30003B6B23F49073FB647B681B680C33FA6C2B
:106B40003A64FB63F96B3A6C41E80023BB63BB6BAF
:106B5000002BE5D17B681B6814333B623B6A53E82A
:106B6000003FFB61FB6923F00103BB647B681B688A
:106B70001433BA6CFA62BB62B96AFA6A41E800235C
:106B80007B627B6A002BE5D17B681B6B012B19D1E3
:106B90007B681B680C33FB60FB6853E8003FBB60FD
:106BA000BB6823F010037B647B681B680C337A6C32
:106BB000BA617B617969BA6941E800233B613B694D
:106BC000002BE5D17B68202283F83E207B680022E1
:106BD0001A6300BF5437BD465DF8047B704780B52B
:106BE00084B000AF78607B689B6BFB60FB68002221
:106BF000DA85FB680022DA84F868FFF7CFFE00BF71
:106C00001037BD4680BD80B485B000AF78607B682A
:106C100093F83D30DBB2212B3ED17B689B68B3F506
:106C2000805F14D17B681B69002B10D17B681B6AC5
:106C3000FB60FB681B881A467B681B68C2F308026E
:106C40005A607B681B6A9A1C7B681A6208E07B6842
:106C50001B6A591C7A6811621A787B681B685A6033
:106C60007B68DB8C9BB2013B9BB27A681946D1846E
:106C7000002B0FD17B681B68DA687B681B6822F0E9
:106C80008002DA607B681B68DA687B681B6842F008
:106C90004002DA60002300E0022318461437BD46A4
:106CA0005DF8047B704780B582B000AF78607B6888
:106CB0001B68DA687B681B6822F04002DA607B6838
:106CC000202283F83D207868FFF75EFE00231846F7
:106CD0000837BD4680BD80B58CB000AF78607B685A
:106CE00093F83E30DBB2222B40F0AB807B689B6890
:106CF000B3F5805F17D17B681B69002B13D100238C
:106D0000FB627B689B6ABB627B681B685B689BB2AB
:106D1000C3F308039AB2BB6A1A807B689B6A9A1C09
:106D20007B689A6226E07B689B6AFB620023BB62F9
:106D30007B689B68B3F5805F07D07B689B68002BFE
:106D40000AD17B681B69002B06D17B681B685B68D6
:106D5000DAB2FB6A1A7008E07B681B685B68DBB21A
:106D600003F07F03DAB2FB6A1A707B689B6A5A1CD5
:106D70007B689A627B68DB8D9BB2013B9BB27A6831
:106D80001946D185002B5AD17B681B68DA687B686D
:106D90001B6822F02002DA607B681B68DA687B6877
:106DA0001B6822F48072DA607B681B685A697B6812
:106DB0001B6822F001025A617B68202283F83E2082
:106DC0007B681B6B012B35D17B6800221A637B68C3
:106DD0001B680C337B617B6953E8003F3B613B6977
:106DE00023F010037B627B681B680C337A6A3A627B
:106DF000FB61F9693A6A41E80023BB61BB69002B7A
:106E0000E5D17B681B681B6803F01003102B0AD1C7
:106E10000023FB607B681B681B68FB607B681B684A
:106E20005B68FB60FB687B689B8D19467868FFF7A1
:106E3000BFFD02E07868FBF79BF9002302E0002326
:106E400000E0022318463037BD4680BD2DE9B04F23
:106E5000C0B000AFC7F8F400D7F8F4301B681B6966
:106E600023F44050D7F8F430D968D7F8F4301A68D2
:106E700040EA01031361D7F8F4309A68D7F8F43088
:106E80001B691A43D7F8F4305B691A43D7F8F4301A
:106E9000DB691343C7F8F830D7F8F4301B68DB68B8
:106EA00023F4164121F00C01D7F8F4301A68D7F812
:106EB000F8300B43D360D7F8F4301B685B6923F4D8
:106EC0004070D7F8F4309969D7F8F4301A6840EA7E
:106ED00001035361D7F8F4301A688F4B9A4205D0FA
:106EE000D7F8F4301A688D4B9A4204D1FDF7F8FBBD
:106EF000C7F8FC0003E0FDF7DFFBC7F8FC00D7F89C
:106F0000F430DB69B3F5004F40F00C81D7F8FC306A
:106F10000022C7F8E830C7F8EC20D7E93A45224606
:106F20002B469118B9655B41FB65D7E916232146CD
:106F300012EB0108294643EB01094FF000024FF024
:106F400000034FEAC90343EA58734FEAC802904668
:106F50009946234618EB0303C7F8E0302B4649EB6C
:106F60000303C7F8E430D7F8F4305B680022C7F8B1
:106F7000D830C7F8DC20D7E936120B46DB183B6562
:106F8000134642EB03037B65D7E91423D7E93801A5
:106F9000F9F776F902460B46614BA3FB02235B0926
:106FA0001C01D7F8FC300022C7F8D030C7F8D42035
:106FB000D7E9348942464B469118B9645B41FB647A
:106FC000D7E91223414612EB010A494643EB010B74
:106FD0004FF000024FF000034FEACB0343EA5A732D
:106FE0004FEACA0292469B4643461AEB0303C7F890
:106FF000C8304B464BEB0303C7F8CC30D7F8F4301E
:107000005B680022C7F8C030C7F8C420D7E9301247
:107010000B46DB183B64134642EB03037B64D7E962
:107020001023D7E93201F9F72BF902460B46114636
:107030003B4BA3FB01235B09642202FB03F3CB1A46
:10704000DB0003F13202364BA3FB02235B095B003A
:1070500003F4F8731C44D7F8FC300022C7F8B830AA
:10706000C7F8BC20D7E92E8942464B469118B96330
:107070005B41FB63D7E90E2341465118396349460A
:107080004B417B634FF000024FF00003D7E90CAB9C
:107090005946CB00514643EA51735146CA00104647
:1070A0001946034642469B18C7F8B0304B460A467D
:1070B00042EB0303C7F8B430D7F8F4305B68002222
:1070C000C7F8A830C7F8AC20D7E92A120B46DB185E
:1070D000BB62134642EB0303FB62D7E90A23D7E9FD
:1070E0002C01F9F7CDF802460B460D4BA3FB02131A
:1070F0005B09642101FB03F3D31ADB003233084A36
:10710000A2FB03235B0903F00702D7F8F4301B68E6
:1071100022449A6006E100BF0010014000140140C3
:107120001F85EB51D7F8FC300022C7F8A030C7F814
:10713000A420D7E9288942464B46911839625B4121
:107140007B62D7E9082341465418494643EB0105C1
:107150004FF000024FF00003EB0043EA5473E200EB
:1071600014461D464346E318C7F898304B4645EB96
:107170000303C7F89C30D7F8F4305B680022C7F8E7
:107180009030C7F894204FF000024FF00003D7E989
:10719000244529468B00214643EA917321468A0003
:1071A000D7E92601F9F76CF802460B46604BA3FBC2
:1071B00002235B091C01D7F8FC300022C7F8883095
:1071C000C7F88C20D7E9228942464B469118B9610D
:1071D0005B41FB61D7E906234146511839614946B5
:1071E0004B417B614FF000024FF00003D7E904AB45
:1071F0005946CB00514643EA51735146CA001046E6
:107200001946034642469B18C7F880304B460A464B
:1072100042EB0303C7F88430D7F8F4305B680022F0
:10722000BB67FA674FF000024FF00003D7E91E89F1
:1072300049468B00414643EA917341468A00D7E9AB
:107240002001F9F71DF802460B461146384BA3FB07
:1072500001235B09642202FB03F3CB1A1B013233C7
:10726000334AA2FB03235B0903F0F0031C44D7F865
:10727000FC3000223B677A67D7E91C8942464B46BF
:107280009118B9605B41FB60D7E902234146511870
:10729000396049464B417B604FF000024FF00003DC
:1072A000D7E900AB5946CB00514643EA51735146EA
:1072B000CA0010461946034642469B18BB664B4619
:1072C0000A4642EB0303FB66D7F8F4305B68002202
:1072D0003B667A664FF000024FF00003D7E9188949
:1072E00049468B00414643EA917341468A00D7E9FB
:1072F0001A01F8F7C5FF02460B460D4BA3FB02131C
:107300005B09642101FB03F3D31A1B013233084AE2
:10731000A2FB03235B0903F00F02D7F8F4301B68CC
:1073200022449A6000BF07F58077BD46BDE8B08F64
:107330001F85EB5180B485B000AF786039600023C1
:10734000FB603B681A687B6853F82230FB60FA6880
:10735000204B1340FB603B685A683B689B681A43AC
:107360003B68DB681A433B681B691A433B685B69EF
:107370001A433B689B691A433B68DB691A433B68C5
:107380001B6A1A433B685B6A1A433B689B6A1A4351
:107390003B68DB6A1A433B68DB6B1A433B681B6B39
:1073A0001343FA681343FB603B689B68082B03D1C7
:1073B000FB6843F04003FB603B681A687B68F96830
:1073C00043F82210002318461437BD465DF8047BAD
:1073D000704700BF8000F0FF80B487B000AFF86056
:1073E000B9607A6000237B617B685A1CFB6853F8A4
:1073F00022307B617B6903F040437B61BB681A6884
:10740000BB685B681B011A43BB689B681B021A437D
:10741000BB68DB681B041A43BB681B69013B1B0587
:107420001A43BB685B69023B1B061A43BB689B6936
:1074300013437A6913437B617B685A1CFB68796943
:1074400043F82210002318461C37BD465DF8047B24
:107450007047000080B487B000AFF860B9607A6010
:107460003B6000237B613B68B3F5804F22D1FB6812
:107470007A6853F822307B617A69154B13407B613F
:10748000BB681A68BB685B681B011A43BB689B68D2
:107490001B021A43BB68DB681B041A43BB689B6969
:1074A00013437A6913437B61FB687A68796943F80F
:1074B000221005E0FB687A686FF0704143F82210F3
:1074C000002318461C37BD465DF8047B704700BF9B
:1074D0000000F0CF0CB430B5174B0C1E1D689DB0EA
:1074E00008DA8B232B604FF0FF301DB0BDE8304031
:1074F00002B070474FF40273ADF8143014BF04F1BA
:10750000FF332346049307934FF6FF7302900690D0
:10751000ADF81630209A21AB02A92846019300F05D
:1075200095F9431CBCBF8B232B60002CDDD0029B44
:1075300000221A70D9E700BF14000020024403465D
:10754000934200D1704703F8011BF9E7014B18681B
:10755000704700BF1400002070B50D4D0D4C641B2A
:10756000A4100026A64209D10B4D0C4C00F066FC7D
:10757000641BA4100026A64205D170BD55F8043B3B
:1075800098470136EEE755F8043B98470136F2E795
:1075900080AE000880AE000880AE000884AE00080F
:1075A0007047704738B50546002941D051F8043C72
:1075B0000C1F002BB8BFE41800F0E0F81D4A136858
:1075C00033B9636014602846BDE8384000F0DCB889
:1075D000A34208D9206821188B4201BF19685B6853
:1075E00009182160EDE71A465B680BB1A342FAD98E
:1075F00011685018A0420BD12068014450188342F2
:107600001160E0D118685B68536008441060DAE7E5
:1076100002D90C232B60D6E7206821188B4204BFC7
:1076200019685B68636004BF091821605460CAE789
:1076300038BD00BF2005002070B50F4E0C463168E4
:10764000054611B900F0A6FB30602146284600F03F
:10765000A1FB431C03D14FF0FF34204670BDC41C76
:1076600024F00304A042F8D0211A284600F092FB2F
:107670000130F2D1EFE700BF1C0500202DE9F843EF
:10768000CD1C25F0030508350C2D38BF0C25002D29
:10769000064601DBA94204D90C2333600020BDE873
:1076A000F883DFF8D48000F069F8D8F800301C4681
:1076B00044BB29463046FFF7BFFF431C044658D160
:1076C000D8F800402746002F43D1002C4BD0236828
:1076D0003946304604EB030900F05CFB814542D19A
:1076E00021686D1A29463046FFF7A6FF01303AD0CF
:1076F00023682B442360D8F800305A6862BBC8F86E
:1077000000700FE02268521B20D40B2A17D9611990
:10771000A342256018BF5960636808BFC8F800100D
:1077200062514B60304600F02FF804F10B00231D2E
:1077300020F00700C21A1CBF1B1AA350AFE76268F3
:10774000A3420CBFC8F800205A60EBE723466468E8
:10775000AEE73C467F68B6E71A465B68A342FBD1BA
:1077600000235360DEE70C233360304600F00CF852
:1077700094E70560D6E700BF200500200148FFF729
:107780000FBF00BF180500200148FFF70ABF00BF68
:10779000180500202DE9F0478E681F46BE420B6891
:1077A00082460C4690462DD8B1F90C2012F4906F09
:1077B00026D06569096905EB4505A3EB010905EBD1
:1077C000D5757B1C4B446D109D4238BF1D4653053B
:1077D00027D52946FFF752FF064660B321694A467E
:1077E00000F0E8FAA38923F4906343F08003A381B7
:1077F000266165614E44A5EB09052660A5603E46FD
:10780000BE4200D93E4620683246414600F0A8FA02
:10781000A3689B1BA3602368334423600020BDE85A
:10782000F0872A4600F0D4FA06460028E0D1216904
:107830005046FFF7B7FE0C23CAF80030A38943F087
:107840004003A3814FF0FF30E9E700002DE9F04F3E
:1078500098468B891B069DB007460D46144610D5E9
:107860000B6973B94021FFF709FF2860286130B91F
:107870000C233B604FF0FF301DB0BDE8F08F40237C
:107880006B610023099320238DF82930CDF80C80FB
:107890003023DFF89C818DF82A304FF00109234610
:1078A0009A4613F8012B0AB1252AF9D1BAEB040B39
:1078B0000BD05B46224629463846FFF76BFF013066
:1078C00000F0A780099A5A4409929AF80030002BD8
:1078D00000F09F8000234FF0FF32CDE905230AF12D
:1078E000010A049307938DF853301A9354460522E6
:1078F00014F8011B4E48F8F773FC049AD8B9D00667
:1079000044BF20238DF85330110744BF2B238DF83B
:1079100053309AF800302A2B15D0079A544600208D
:107920004FF00A0C214611F8013B303B092B4BD993
:10793000B0B1079214E0A0EB080309FA03F3134374
:107940000493A246D2E7039B191D1B680391002BE9
:10795000BBBF5B4242F0020207930793B8BF049299
:1079600023782E2B0AD163782A2B32D1039B1A1D40
:107970001B68039243EAE37302340593DFF8C0A067
:10798000217803225046F8F72BFC38B1049BA0EB7A
:107990000A004022824013430134049314F8011B6F
:1079A00024488DF828100622F8F71AFC002836D053
:1079B000214B1BBB039B073323F0070308330393BF
:1079C000099B334409936AE70CFB02320C46012001
:1079D000A8E700230134059319464FF00A0C20460E
:1079E00010F8012B303A092A03D9002BC6D0059193
:1079F000C4E70CFB012104460123F0E703AB00932D
:107A00002A460E4B04A93846AFF30080421C0646B6
:107A1000D6D1AB895B063FF52DAF09982CE703ABB8
:107A200000932A46054B04A9384600F079F8EDE7A3
:107A300044AE00084EAE0008000000009577000834
:107A40004AAE00082DE9F047164698468A680B6949
:107A5000DDF820909342B8BF1346336091F843207D
:107A600007460C460AB1013333602368990642BFCA
:107A7000336802333360256815F0060506D104F13A
:107A8000190AE36832689B1AAB4226DC94F843304B
:107A90002268003B18BF012392062BD404F1430255
:107AA00041463846C84701301ED02368226903F09A
:107AB0000603042B02BFE5683368ED1AA3680CBF08
:107AC00025EAE57500259342C4BF9B1AED180026F0
:107AD0001A34B5421AD1002008E00123524641462B
:107AE0003846C847013003D14FF0FF30BDE8F0877A
:107AF0000135C6E7E1185A1C302081F843002244C2
:107B000094F8451082F843100233C7E70123224658
:107B100041463846C8470130E6D00136D9E7000073
:107B20002DE9FF470F7E0C9E782F914680460C462C
:107B30009A4601F1430207D8622F0AD8002F00F0BD
:107B4000D280582F00F0B98004F1420684F84270C8
:107B50003AE0A7F16303152BF6D801A151F823F001
:107B6000B97B0008CD7B0008497B0008497B0008F1
:107B7000497B0008497B0008CD7B0008497B000851
:107B8000497B0008497B0008497B0008CD7C000840
:107B9000F77B0008877C0008497B0008497B0008C8
:107BA000EF7C0008497B0008F77B0008497B000850
:107BB000497B00088F7C000833681A1D1B683260FF
:107BC00004F1420684F8423001239DE033682068C6
:107BD000191D3160060601D51D6803E04506FBD579
:107BE000B3F90050002D03DA2D236D4284F84330A1
:107BF00059480A2311E021683368080653F8045BEA
:107C000002D4490648BFADB26F2F5348336014BF4A
:107C10000A230823002184F843106668A660002E1A
:107C2000A2BF216821F0040121600DB9002E4BD0C4
:107C30001646B5FBF3F103FB1157C75D06F8017D4E
:107C40002F46BB420D46F4D9082B0BD12368DF0722
:107C500008D5236961689942DEBF302306F8013CEC
:107C600006F1FF36921B2261CDF800A04B4603AA15
:107C700021464046FFF7E6FE01304AD14FF0FF3083
:107C800004B0BDE8F087236843F020032360334845
:107C9000782784F84570236831681F0651F8045B23
:107CA00002D45F0648BFADB23160D90744BF43F08C
:107CB000200323601DB11023ACE72748E9E72368C0
:107CC00023F020032360F6E71646BDE733682568F6
:107CD0006169181D30602E061B6801D5196002E02D
:107CE0006806FBD51980002323611646BCE733687C
:107CF0001A1D32601E68626800213046F8F770FA7B
:107D000008B1801B606063682361002384F84330FE
:107D1000AAE72369324649464046D0470130ADD0F4
:107D200023689B0713D4E068039B9842B8BF1846AA
:107D3000A6E70123324649464046D04701309DD050
:107D40000135E36803995B1AAB42F2DCEBE70025EF
:107D500004F11906F5E700BF55AE000866AE00084D
:107D6000884210B501EB020402D98442234607D8A9
:107D7000431EA14208D011F8012B03F8012FF8E7A8
:107D8000024401468A4200D110BD13F8014D02F8A9
:107D9000014DF7E738B5064D0023044608462B6031
:107DA000FAF700F8431C02D12B6803B1236038BDF9
:107DB000140500200A44914200F1FF3300D17047BE
:107DC00010B511F8014B03F8014F9142F9D110BDE4
:107DD0002DE9F041804615460C4621B9BDE8F04139
:107DE0001146FFF74BBC2AB9FFF7DCFB0024204605
:107DF000BDE8F08100F01AF88542064602D8B5EBDE
:107E0000500FF4D829464046FFF738FC07460028B3
:107E1000ECD0B5422A46214628BF3246FFF7CAFFBA
:107E200021464046FFF7BEFB3C46E0E751F8043CE4
:107E3000181F002BBCBF0B58C0187047F8B500BF07
:107E4000F8BC08BC9E467047F8B500BFF8BC08BC3B
:047E50009E46704793
:107E540054656D70657261747572653A0000000056
:107E64002154454D50455241545552453A25642EAE
:107E740025303264230A0000410000006100000044
:107E840045535020556E636F6E6E65637465640070
:107E94006F00000045535020436F6E6E656374009D
:107EA40000000000000000000000000000000000CE
:107EB4000000000808080808080800001818000056
:107EC40000486C24120000000000000000000000C4
:107ED4000000002424247F1212127F1212120000C8
:107EE4000000081C2A2A0A0C1828282A2A1C080818
:107EF40000000022251515152A5854545422000058
:107F04000000000C1212120A76252911916E00004D
:107F1400000606040300000000000000000000004A
:107F2400004020101008080808080810102040001D
:107F340000020408081010101010100808040200B1
:107F44000000000008086B1C1C6B080800000000FF
:107F540000000000080808087F080808080000005E
:107F640000000000000000000000000006060403FA
:107F74000000000000000000FE00000000000000FF
:107F840000000000000000000000000006060000E1
:107F94000000804040202010100808040402020061
:107FA4000000001824424242424242422418000087
:107FB400000000080E08080808080808083E000029
:107FC4000000003C4242422020100804427E00008F
:107FD4000000003C4242201820404042221C000085
:107FE400000000203028242422227E202078000053
:107FF4000000007E0202021A26404042221C0000B9
:10800400000000382402021A2642424224180000CA
:108014000000007E2222101008080808080800004A
:108024000000003C4242422418244242423C0000E8
:10803400000000182442424264584040241C0000BE
:1080440000000000000018180000000018180000CC
:108054000000000000000008000000000008080400
:108064000000004020100804020408102040000012
:108074000000000000007F0000007F0000000000FE
:108084000000000204081020402010080402000030
:108094000000003C42424640201010001818000026
:1080A4000000001C225A555555552D42221C000033
:1080B4000000000808181414243C224242E700007F
:1080C4000000001F2222221E22424242221F0000E0
:1080D4000000007C4242010101010142221C000017
:1080E4000000001F2242424242424242221F00003C
:1080F4000000003F4212121E12120242423F0000D0
:108104000000003F4212121E121202020207000077
:108114000000003C2222010101712122221C0000E6
:10812400000000E7424242427E42424242E70000EF
:108134000000003E0808080808080808083E000077
:108144000000007C10101010101010101010110FEF
:108154000000007722120A0E0A121222227700006F
:10816400000000070202020202020202427F000033
:1081740000000077363636362A2A2A2A2A6B00006F
:10818400000000E346464A4A5252526262470000E7
:108194000000001C2241414141414141221C000098
:1081A4000000003F424242423E0202020207000037
:1081B4000000001C2241414141414D53321C6000EA
:1081C4000000003F4242423E1212222242C70000F7
:1081D4000000007C4242020418204042423E00005B
:1081E4000000007F4908080808080808081C000067
:1081F400000000E74242424242424242423C000006
:10820400000000E742422224241414180808000045
:108214000000006B49494949555536222222000085
:10822400000000E7422424181818242442E7000020
:10823400000000772222141408080808081C000013
:108244000000007E2120101008040442423F000078
:1082540000780808080808080808080808087800CA
:1082640000000202040408080810102020204040E6
:10827400001E1010101010101010101010101E00FE
:10828400003844000000000000000000000000006E
:10829400000000000000000000000000000000FFDB
:1082A40000060800000000000000000000000000BC
:1082B400000000000000003C4278444242FC000000
:1082C400000000030202021A26424242261A00005B
:1082D400000000000000003844020202443800009C
:1082E40000000060404040784442424264D80000AC
:1082F400000000000000003C427E0202423C0000FC
:10830400000000F08808087E08080808083E0000FD
:10831400000000000000007C22221C023C42423C7F
:10832400000000030202023A4642424242E70000D1
:108334000000000C0C00000E08080808083E0000AD
:108344000000003030000038202020202020221E91
:108354000000000302020272120A161222770000C1
:108364000000000E0808080808080808083E000075
:10837400000000000000007F9292929292B70000E9
:10838400000000000000003B4642424242E7000079
:10839400000000000000003C42424242423C000017
:1083A400000000000000001B26424242221E020779
:1083B400000000000000007844424242447840E05B
:1083C40000000000000000774C040404041F0000B7
:1083D400000000000000007C42023C40423E0000DD
:1083E400000000000008083E0808080808300000E3
:1083F40000000000000000634242424262DC0000D0
:1084040000000000000000E74224241408080000D3
:1084140000000000000000EB4949555522220000ED
:10842400000000000000007624181818246E0000D4
:1084340000000000000000E7422424141808080784
:10844400000000000000007E22100808447E0000A6
:1084540000C0202020202010202020202020C00028
:108464001010101010101010101010101010101008
:108474000006080808080810080808080808060084
:108484000C32C200000000000000000000000000E8
:1084940000000000000000000000000000000000D8
:1084A40000000000000000000000000000000000C8
:1084B40000000000000000000000000000000000B8
:1084C4000000000000000000E000E000E000E00028
:1084D400E000400040004000400040004000000038
:1084E40000000000E000E000E000000000000000E8
:1084F4000000000060066006300398018800440014
:108504000000000000000000000000000000000067
:108514000000000000000000000000000000000057
:108524000000000000000000000008020802080229
:108534000802FE07FE070802080204010401FE0700
:10854400FE0704010401040104010000000000000E
:1085540000000000000040004000F00158034C03FC
:108564004C034C0058007000E000C001C0014003FF
:108574004C034C034C034801F00040004000000051
:10858400000000000000000000000E030A011101B9
:1085940091009100D1005100FA03AE02600450042E
:1085A40050045804480488028403000000000000BA
:1085B40000000000000000000000380064006400B7
:1085C40064006400A4031C010C011A019200B300AE
:1085D400E3006300C300A6041C03000000000000C5
:1085E400000000000C001C00100010000800060031
:1085F4000000000000000000000000000000000077
:108604000000000000000000000000000000000066
:108614000000000000040002000180018000C0008E
:10862400C0006000600060006000600060006000E6
:10863400C000C000800080010001000200040000AE
:1086440000000000020004000800180010003000C0
:108654003000600060006000600060006000600046
:108664003000300010001800080004000200000070
:108674000000000000000000000000004000400076
:1086840040004E0E5C07F001F0015C074E0E400006
:108694004000400000000000000000000000000056
:1086A4000000000000000000000000000000400086
:1086B4004000400040004000FE0F400040004000E9
:1086C4004000400000000000000000000000000026
:1086D4000000000000000000000000000000000096
:1086E4000000000000000000000000000000000086
:1086F400000000000C001C00100010000800060020
:108704000000000000000000000000000000000065
:108714000000000000000000FE0700000000000050
:108724000000000000000000000000000000000045
:108734000000000000000000000000000000000035
:108744000000000000000000000000000000000025
:10875400000000001C001C001C00000000000000C1
:1087640000000000000400060002000300010001F4
:1087740080008000400040006000200020001000C5
:108784001000080008000C000400060002000000AD
:1087940000000000000000000000F00098010C033D
:1087A4000C03060606060606060606060606060662
:1087B40006060C030C039801F00000000000000002
:1087C40000000000000000000000400060007C0089
:1087D4006000600060006000600060006000600095
:1087E4006000600060006000FC0300000000000006
:1087F40000000000000000000000F80084010203F3
:1088040006030603000380018001C000200010005D
:10881400080204020202FE03FE030000000000003E
:10882400000000000000000000007800C400860181
:10883400860186018001C0007000800100010003F0
:108844000603060306038401F8000000000000008C
:10885400000000000000000000018001C001C00110
:10886400A001900190018801840184018201FE0726
:108874008001800180018001E00700000000000009
:1088840000000000000000000000FC03FC030400E2
:10889400040004000400F4008C010403000300033A
:1088A4000603060382018401F800000000000000B2
:1088B40000000000000000000000E00118030C03A9
:1088C4000C0004000600E60116030E060606060662
:1088D400060604060C021803F00000000000000065
:1088E40000000000000000000000F807FC070C0274
:1088F40004010401000180008000400040004000A9
:108904006000600060006000600000000000000083
:1089140000000000000000000000F8010C0306063F
:10892400060606060E023C03F000CC01040306060C
:108934000606060606060C03F0010000000000000F
:1089440000000000000000000000F0000C010C0317
:10895400060206060606060606078C0678060006C4
:10896400000300030C018C017800000000000000EB
:1089740000000000000000000000000000000000F3
:108984000000E000E000E000000000000000000043
:1089940000000000E000E000E00000000000000033
:1089A40000000000000000000000000000000000C3
:1089B40000000000600060000000000000000000F3
:1089C4000000000000006000600040002000000083
:1089D400000000000000000000040002000180000C
:1089E40040002000100008000400080010002000CF
:1089F40040008000000100020004000000000000AC
:108A04000000000000000000000000000000000062
:108A140000000000FE070000000000000000FE0748
:108A24000000000000000000000000000000000042
:108A340000000000000000000400080010002000F6
:108A440040008000000100020004000200018000D8
:108A54004000200010000800040000000000000096
:108A64000000000000000000F0010C0302060206F2
:108A74000606060600038001600020002000200096
:108A84000000000070007000700000000000000092
:108A940000000000000000000000E00138060804A7
:108AA400CC0A640B260926091609160996099605A7
:108AB40066030C080C041802E0010000000000002A
:108AC4000000000000000000000060006000700072
:108AD400D000D000C800880188018801F80104038F
:108AE40004030403040606060F0F00000000000040
:108AF40000000000000000000000FF0086010603E3
:108B04000603060306038601FE00060306020606A4
:108B14000606060606060603FF0100000000000024
:108B240000000000000000000000E00718060C042C
:108B34000C040400060006000600060006000600F9
:108B440006040C040C021801F000000000000000F0
:108B5400000000000000000000007F008601060302
:108B640006030606060606060606060606060606A4
:108B7400060606030603C6017F000000000000008D
:108B840000000000000000000000FF0306020604CD
:108B94000600060086008600FE00860086000600A9
:108BA4000600060406040602FF030000000000009D
:108BB40000000000000000000000FF03060306049C
:108BC4000604060086008600FE0086008600060075
:108BD40006000600060006000F000000000000006A
:108BE40000000000000000000000F00218030C0266
:108BF4000C0204000600060006000600C60F060369
:108C040006030C030C031803F0000000000000002E
:108C1400000000000000000000000F0F060606061A
:108C24000606060606060606FE07060606060606E7
:108C340006060606060606060F0F000000000000E2
:108C440000000000000000000000FC036000600061
:108C54006000600060006000600060006000600010
:108C64006000600060006000FC0300000000000081
:108C740000000000000000000000F00F80018001EF
:108C840080018001800180018001800180018001D8
:108C9400800180018001800180018601C6007C0082
:108CA40000000000000000000000CF07060186005D
:108CB40046004600260036003E006E00E600C60070
:108CC400C6018601060306078F0F0000000000009E
:108CD400000000000000000000000F000600060075
:108CE4000600060006000600060006000600060050
:108CF4000600060406040602FF030000000000004C
:108D0400000000000000000000000F0F0E070E0717
:108D14000E079A069A069A069A065A06720672066A
:108D24007206720622062206270F000000000000C9
:108D340000000000000000000000070E0E040E04F6
:108D44001A041A04320462046204C204C2048205CE
:108D540002070207020602060704000000000000E2
:108D640000000000000000000000F00098010C0367
:108D74000C0206060606060606060606060606068D
:108D840006060C020C039801F0000000000000002D
:108D940000000000000000000000FF0106030606BA
:108DA40006060606060606060603FE01060006007B
:108DB40006000600060006000F0000000000000088
:108DC40000000000000000000000F00098010C0307
:108DD4000C0206060606060606060606060606062D
:108DE40076064C028C038801F00180070003000022
:108DF40000000000000000000000FF01060306065A
:108E04000606060606060603FE006600C600C60041
:108E140086018601060306030F0E00000000000011
:108E240000000000000000000000F8040C07060425
:108E3400060406000E003C00F000C0030003000618
:108E44000206020606060E03F201000000000000FE
:108E540000000000000000000000FE07620461083A
:108E640061086000600060006000600060006000F5
:108E74006000600060006000F0000000000000007E
:108E8400000000000000000000000F0E06040604AD
:108E9400060406040604060406040604060406047E
:108EA4000604060406040C02F80100000000000099
:108EB400000000000000000000001F0F0E060C025E
:108EC4000C020C020C011801180118011801B00061
:108ED400B000B000F000600060000000000000007E
:108EE40000000000000000000000EF0E66046604AD
:108EF40066026602E602EC02EC02DC01DC01DC0143
:108F0400DC019C018800880088000000000000004B
:108F1400000000000000000000009E070C03180180
:108F240018019800B000700060006000E000D000FC
:108F3400D001980188010C039E0700000000000086
:108F4400000000000000000000001F0F0E060C02CD
:108F54000C0118011801B000B0007000600060003E
:108F64006000600060006000F80100000000000084
:108F740000000000000000000000FC07040382035E
:108F84008001C001C000C0006000600030003000FB
:108F9400180018041C040C02FE030000000000006A
:108FA40000000000E0072000200020002000200036
:108FB40020002000200020002000200020002000AD
:108FC400200020002000200020002000E0070000F6
:108FD4000000000000000000040008000800080071
:108FE40010001000200020002000400040008000FD
:108FF4008000800000010001000200020002000461
:1090040000000000FC0080008000800080008000E0
:10901400800080008000800080008000800080004C
:10902400800080008000800080008000FC00000040
:1090340000000000E000B001080200000000000091
:10904400000000000000000000000000000000001C
:10905400000000000000000000000000000000000C
:1090640000000000000000000000000000000000FC
:1090740000000000000000000000000000000000EC
:109084000000000000000000000000000000FF0FCE
:109094000000000018006000000000000000000054
:1090A40000000000000000000000000000000000BC
:1090B40000000000000000000000000000000000AC
:1090C400000000000000000000000000000000009C
:1090D40000000000F0010C030C03E00338030C0350
:1090E4000603060306038E0B7C0F0000000000003D
:1090F400000000000000000008000E000C000C003E
:109104000C000C00CC013C031C060C060C060C06DF
:109114000C060C060C021C03F40100000000000005
:10912400000000000000000000000000000000003B
:1091340000000000F0008C018C018601060006008E
:10914400060006020C020C01F00000000000000002
:109154000000000000000000000280030003000380
:109164000003000378038C030C03060306030603C1
:109174000603060304038C077801000000000000C6
:1091840000000000000000000000000000000000DB
:1091940000000000E001180308060C06FC070C00A0
:1091A4000C000C0018043802E0010000000000006C
:1091B40000000000000000000000C003600630064C
:1091C40030003000FE03300030003000300030004A
:1091D4003000300030003000FC01000000000000CE
:1091E400000000000000000000000000000000007B
:1091F40000000000F00E98090C030C030C03980106
:10920400F8000C007C00F803060606060E07F801B9
:10921400000000000000000008000E000C000C001C
:109224000C000C00EC011C030C030C030C030C03DA
:109234000C030C030C030C039E0700000000000049
:10924400000000000000000000006000600000005A
:10925400000000007C0060006000600060006000AE
:109264006000600060006000FC030000000000007B
:1092740000000000000000000000800180010000E8
:1092840000000000F0018001800180018001800164
:10929400800180018001800180018001CC007C007C
:1092A400000000000000000008000E000C000C008C
:1092B4000C000C00CC038C00CC004C006C007C0037
:1092C400DC00CC008C018C019E0700000000000033
:1092D400000000000000000040007C00600060000E
:1092E400600060006000600060006000600060007A
:1092F4006000600060006000FC03000000000000EB
:109304000000000000000000000000000000000059
:10931400000000007707EE06660666066606660627
:109324006606660666066606EF0E0000000000008C
:109334000000000000000000000000000000000029
:1093440000000000CE013C030C030C030C030C03CF
:109354000C030C030C030C039E0700000000000028
:1093640000000000000000000000000000000000F9
:1093740000000000F00098010C030606060606062D
:10938400060606060C030C03F000000000000000B3
:1093940000000000000000000000000000000000C9
:1093A40000000000EE011C030C060C060C060C0663
:1093B4000C060C060C031C03EC010C000C003E0014
:1093C4000000000000000000000000000000000099
:1093D4000000000078028C030C0306030603060356
:1093E4000603060304038C03780300030003C00789
:1093F4000000000000000000000000000000000069
:10940400000000009F0758063800180018001800D4
:109414001800180018001800FF00000000000000E9
:109424000000000000000000000000000000000038
:1094340000000000F00718060C040C003800F001CE
:109444008003040604060C03FC0100000000000075
:1094540000000000000000000000000020002000C8
:1094640030003000FE0130003000300030003000A9
:109474003000300030023002E00100000000000043
:1094840000000000000000000000000000000000D8
:10949400000008028E030C030C030C030C030C03E2
:1094A4000C030C030C039C0778010000000000006F
:1094B40000000000000000000000000000000000A8
:1094C400000000003E0F1C06180218023001300193
:1094D4003001E000E000E000400000000000000077
:1094E4000000000000000000000000000000000078
:1094F40000000000EF0DC604C604E604EC04AC034F
:109504009C039C039C030801080100000000000068
:109514000000000000000000000000000000000047
:1095240000000000BE0718019801B0007000600040
:10953400E000D00098018803DE070000000000006E
:109544000000000000000000000000000000000017
:1095540000000000BE071C0118011801B000B00093
:10956400B0006000600040002000200014001C00D7
:1095740000000000000000000000000000000000E7
:1095840000000000FC038401C401C000E00060008E
:109594007000300438041806FC03000000000000CA
:1095A4000000000000038001800080008000800033
:1095B400800080008000C0002000C0008000800087
:1095C4008000800080008000800080010003000093
:1095D4004000400040004000400040004000400087
:1095E4004000400040004000400040004000400077
:1095F4004000400040004000400040004000400067
:10960400000000000C0018001000100010001000F2
:109614001000100010003000400030001000100056
:109624001000100010001000100018000C000000C2
:1096340000001C002400420882040007000000000F
:109644000000000000000000000000000000000016
:109654000000000000000000000000000000000006
:1096640000000000000000000000000000000000F6
:1096740000000000000000000000000000000000E6
:1096840000000000000000000000000000000000D6
:1096940000000000000000000000000000000000C6
:1096A40000000000000000000000C001C001C00173
:1096B400C001C001C001C0018000800080008000A2
:1096C4008000800080000000000000000000800195
:1096D400C003C0038001000000000000000000007F
:1096E400000000000000E01CE01CF01E700E3807B3
:1096F40018030801840000000000000000000000BE
:109704000000000000000000000000000000000055
:109714000000000000000000000000000000000045
:1097240000000000000000000000000020102010D5
:10973400201020102010FE7FFE7F10081008100853
:109744001008100810081008FE7FFE7F08040804A3
:1097540008040804080400000000000000000000E1
:10976400000000000000000000010001C0076019B3
:10977400103118311839183938017001E001C0036B
:109784008007000F001D003900311C311C310C31E1
:109794000C11180DE0070001000100010000000099
:1097A4000000000000000000000000001C1036183B
:1097B4006308630C63046304630263026301361D7C
:1097C4009C3780228063406340632063206330635E
:1097D40010221836081C00000000000000000000E1
:1097E400000000000000000000000000F0009801EC
:1097F4008C018C018C018C018C00CC007800183E0B
:109804001C083608320863046304C304C303834397
:1098140006438E26781C00000000000000000000B3
:109824000000000000001C003C003C003000300040
:1098340010000C0006000000000000000000000002
:109844000000000000000000000000000000000014
:109854000000000000000000000000000000000004
:109864000000000000000040002000100008000C70
:10987400000400060003000300038001800180014E
:109884008001800180018001800100030003000346
:1098940000060006000C0008001000200040000034
:1098A4000000000000000200040008001000300066
:1098B40020006000C000C000C00080018001800161
:1098C40080018001800180018001C000C000C000CF
:1098D4006000600030001000080004000200000076
:1098E4000000000000000000000000000000000074
:1098F40000018003800300011C713C79783DC0079E
:109904000001C007783D3C791C710001800380038D
:1099140080010000000000000000000000000000C2
:109924000000000000000000000000000000000033
:10993400000000010001000100010001000100011C
:10994400FC7F000100010001000100010001000191
:109954000000000000000000000000000000000003
:1099640000000000000000000000000000000000F3
:1099740000000000000000000000000000000000E3
:1099840000000000000000000000000000000000D3
:109994001C003C003C003000300010000C000600AD
:1099A40000000000000000000000000000000000B3
:1099B40000000000000000000000000000000000A3
:1099C400FE7F000000000000000000000000000016
:1099D4000000000000000000000000000000000083
:1099E4000000000000000000000000000000000073
:1099F4000000000000000000000000000000000063
:109A0400000000000000000000000000000018003A
:109A14003C003C00180000000000000000000000B2
:109A24000000000000000040006000200030001032
:109A340000180008000C00040006000200030001E6
:109A440080018000C0004000600020003000100051
:109A5400180008000C0004000600020000000000CA
:109A6400000000000000000000000000C007600CBF
:109A740030181830183018200C600C600C600C6022
:109A84000C600C600C600C600C60182018301830EE
:109A94003018600CC0070000000000000000000047
:109AA4000000000000000000000000000001800130
:109AB400F801800180018001800180018001800122
:109AC400800180018001800180018001800180018A
:109AD4008001C003F81F0000000000000000000027
:109AE400000000000000000000000000E007101C5F
:109AF4000818043004300C300C3000300018000812
:109B040000040002000180004000202010200820F2
:109B14000430FC1FFC1F00000000000000000000D7
:109B2400000000000000000000000000E003180E28
:109B34000C0C0C180C180C180018000C0006C003B0
:109B4400000E00180010003000300C300C300C10E7
:109B54000C18180CE00300000000000000000000D6
:109B6400000000000000000000000000000C000ED7
:109B7400000E000F800E800E400E600E200E100EA0
:109B8400100E080E040E040EFE7F000E000E000ED2
:109B9400000E000E000EC07F000000000000000058
:109BA400000000000000000000000000F03FF03F53
:109BB40010001000100008000800C807280C18182E
:109BC400081000300030003000300C300C30041825
:109BD4000418080CF003000000000000000000005E
:109BE400000000000000000000000000800FC01012
:109BF400203010301800180008000C008C0F6C186E
:109C04003C301C600C600C600C600C601860182008
:109C140030306018C00700000000000000000000A1
:109C2400000000000000000000000000F83FF83FC2
:109C34001C100C08040804040004000200020001C3
:109C440000010001800080008000C000C000C0004E
:109C5400C000C000C00000000000000000000000C0
:109C6400000000000000000000000000E007300CCD
:109C740018180C300C300C301C3038187008E00701
:109C8400B007180E0C1C06380630063006300630B5
:109C94000C18180CE0030000000000000000000095
:109CA400000000000000000000000000E0031804B1
:109CB4000C080C180610063006300630063006383C
:109CC4000C3C1836F03100300018001800180C0C49
:109CD4000C060C03F001000000000000000000006E
:109CE4000000000000000000000000000000000070
:109CF400000000000000000000008001C003C00359
:109D0400800100000000000000000000000080014D
:109D1400C003C00380010000000000000000000038
:109D2400000000000000000000000000000000002F
:109D340000000000000000000000C000C00000009F
:109D4400000000000000000000000000000000000F
:109D54000000C000C00080008000400040000000FF
:109D640000000000000000000000002000100008B7
:109D74000004000600038001C000600030001800E9
:109D84000C00180030006000C000800100030006D1
:109D94000004000800100020000000000000000083
:109DA40000000000000000000000000000000000AF
:109DB40000000000000000000000FE7F0000000022
:109DC400000000000000FE7F000000000000000012
:109DD400000000000000000000000000000000007F
:109DE4000000000000000000000004000800100053
:109DF40020006000C000800100030006000C001871
:109E040000300018000C000600038001C000600050
:109E14002000100008000400000000000000000002
:109E240000000000000000000000C00730180830E7
:109E340008600C601C601C601C600030001C000684
:109E4400000180008000800080000000000080018C
:109E5400C003C003800100000000000000000000F7
:109E6400000000000000000000000000C0076018AF
:109E7400103018200C2F8C4D864CC64CC64C664CAA
:109E840066446644662666266615CC1C0C4008208B
:109E940018303018C0070000000000000000000067
:109EA400000000000000000000000001C001C0012B
:109EB400C001400160032003200320033006100684
:109EC40010061006F80F080C080C080C0C0C0418EB
:109ED400041806181F7C00000000000000000000A9
:109EE400000000000000000000000000FE07181C35
:109EF400183818301830183018301818180CF8079B
:109F04001818183018201860186018601860186045
:109F140018301818FE0F00000000000000000000B8
:109F2400000000000000000000000000C0276038AE
:109F3400103018200C400C400400060006000600F7
:109F4400060006000600060006000C400C400C202B
:109F540018303018C00700000000000000000000A6
:109F6400000000000000000000000000FE03180EC6
:109F740018181830183018301860186018601860F5
:109F840018601860186018601860183018301810BD
:109F94001818180EFE030000000000000000000066
:109FA400000000000000000000000000FE3F183028
:109FB400182018601840180018081808180CF80F12
:109FC400180C180818081800180018001840184031
:109FD40018201830FE3F00000000000000000000C0
:109FE400000000000000000000000000FE7F187068
:109FF400184018C018801800181018101818F81FE6
:10A004001818181018101800180018001800180054
:10A01400180018007E00000000000000000000008E
:10A02400000000000000000000000000C013701CCD
:10A03400101018100C200C20040006000600060066
:10A044000600060006FC063006300C300C301830D2
:10A0540018303008C00700000000000000000000B5
:10A064000000000000000000000000003F7E0C180B
:10A074000C180C180C180C180C180C180C180C18BC
:10A08400FC1F0C180C180C180C180C180C180C18B5
:10A094000C180C183F7E00000000000000000000B7
:10A0A400000000000000000000000000F81F800114
:10A0B4008001800180018001800180018001800194
:10A0C4008001800180018001800180018001800184
:10A0D40080018001F81F0000000000000000000063
:10A0E400000000000000000000000000E07F000607
:10A0F400000600060006000600060006000600062C
:10A10400000600060006000600060006000600061B
:10A1140000060006000600060E060E038E01FC0073
:10A124000000000000000000000000007E7C181801
:10A134001808180418061802180198019801D80183
:10A14400B803380318071806180E180C181C18182A
:10A15400183018307EFC00000000000000000000F1
:10A164000000000000000000000000007E00180055
:10A17400180018001800180018001800180018001B
:10A18400180018001800180018001800184018408B
:10A1940018201830FE3F00000000000000000000FE
:10A1A4000000000000000000000000001FF81C3840
:10A1B4001C381C381C3C3434343434343436743253
:10A1C4006432643264326431C431C431C431C43061
:10A1D400C43084309FFC0000000000000000000038
:10A1E4000000000000000000000000001F7C1C10A4
:10A1F4003C103410341074106410E410C410C411F2
:10A2040084118413041304170416041E041C041C70
:10A21400041C04181F1800000000000000000000C7
:10A22400000000000000000000000000C003300C2B
:10A23400181808100C300C300660066006600660C2
:10A24400066006600660066006600C200C3008108C
:10A254001818300CC00300000000000000000000CB
:10A26400000000000000000000000000FE0F1818AD
:10A2740018301860186018601860186018301818C2
:10A28400F80F18001800180018001800180018001B
:10A29400180018007E00000000000000000000000C
:10A2A400000000000000000000000000C003300CAB
:10A2B40018180C100C300C2006600660066006604E
:10A2C40006600660066006600660E4612C331C329A
:10A2D4001816300EC007004C007C00380000000047
:10A2E400000000000000000000000000FE07181C31
:10A2F400183818301830183018301818180CF80797
:10A3040098031803180718061806180E180C180CCA
:10A31400181C18187E7800000000000000000000DF
:10A32400000000000000000000000000E0273038BA
:10A3340018300C200C200C000C0018007800E003EE
:10A34400800F001E00380070006004600460086024
:10A3540018303818C80F000000000000000000008A
:10A36400000000000000000000000000FC3F8C2101
:10A3740084618241824180018001800180018001E9
:10A3840080018001800180018001800180018001C1
:10A3940080018001E00700000000000000000000D0
:10A3A4000000000000000000000000003F7C0C10D2
:10A3B4000C100C100C100C100C100C100C100C10B9
:10A3C4000C100C100C100C100C100C100C100C10A9
:10A3D40008083804E003000000000000000000004A
:10A3E4000000000000000000000000003EF81820FB
:10A3F4001820182030103010301030106008600819
:10A404006008E00CC004C004C0048003800380031F
:10A4140080030001000100000000000000000000B3
:10A42400000000000000000000000000DFF386616F
:10A43400862186218C210C218C238C138C138C1364
:10A444004C1358125816580E380E380E380E300C5D
:10A4540010041004100400000000000000000000BC
:10A464000000000000000000000000007E3E18080C
:10A4740038083004300470026002E001C001C001F9
:10A48400800180034003400720062006100C100CB6
:10A49400081808183E7C00000000000000000000BE
:10A4A4000000000000000000000000007E7C1C1082
:10A4B400181018083008300C700460046002C002E0
:10A4C400C002C001800180018001800180018001FF
:10A4D40080018001E007000000000000000000008F
:10A4E400000000000000000000000000F83F181801
:10A4F4000818040C040E0006000700038003800102
:10A50400C001C000E0006000700030003820182056
:10A514001C100C18FE1F00000000000000000000CA
:10A52400000000000000C03F400040004000400028
:10A534004000400040004000400040004000400017
:10A544004000400040004000400040004000400007
:10A5540040004000400040004000C03F00000000B8
:10A5640000000000000000000000080018001800AF
:10A57400100030002000600060004000C000800037
:10A5840080018001000100030002000600060004AF
:10A59400000C000800180018001000300020000013
:10A5A400000000000000FC030002000200020002A0
:10A5B4000002000200020002000200020002000287
:10A5C4000002000200020002000200020002000277
:10A5D40000020002000200020002FC03000000006E
:10A5E4000000000000008007C006200810100000D2
:10A5F4000000000000000000000000000000000057
:10A604000000000000000000000000000000000046
:10A614000000000000000000000000000000000036
:10A624000000000000000000000000000000000026
:10A634000000000000000000000000000000000016
:10A644000000000000000000000000000000000006
:10A654000000000000000000000000000000FFFFF8
:10A664000000000000007800C000000100000000AD
:10A6740000000000000000000000000000000000D6
:10A6840000000000000000000000000000000000C6
:10A6940000000000000000000000000000000000B6
:10A6A40000000000000000000000000000000000A6
:10A6B40000000000000000000000F00318060C0C6D
:10A6C4000C0C000C800F700C1C0C0C0C060C060CF3
:10A6D400064C0C4FF8380000000000000000000099
:10A6E4000000000000000000000010001E00180020
:10A6F40018001800180018001800180FD81838305F
:10A7040038601860186018601860186018601820A5
:10A7140038307818C807000000000000000000006E
:10A724000000000000000000000000000000000025
:10A7340000000000000000000000C007700C1818A2
:10A7440018180C180C000C000C000C000C2018201D
:10A7540018103008C00700000000000000000000CE
:10A76400000000000000000000000010001E00189F
:10A7740000180018001800180018E01B301C1818E6
:10A7840018180C180C180C180C180C180C1808189D
:10A79400181C307AE00900000000000000000000EE
:10A7A40000000000000000000000000000000000A5
:10A7B40000000000000000000000C007300C181862
:10A7C40008100C300C30FC3F0C000C000C0018205E
:10A7D40018107018C00700000000000000000000FE
:10A7E400000000000000000000000000003E80C3E4
:10A7F40080C0C0C0C000C000C000FC1FC000C000BA
:10A80400C000C000C000C000C000C000C000C00044
:10A81400C000C000F80F00000000000000000000AD
:10A824000000000000000000000000000000000024
:10A8340000000000000000000000C077306C101819
:10A844001818181818181018300CF00718001800E9
:10A85400F00FF03F08700C600C600C603838E00FAB
:10A864000000000000000000000010001E0018009E
:10A8740018001800180018001800980FD81838305D
:10A884001830183018301830183018301830183084
:10A89400183018307EFC00000000000000000000AA
:10A8A400000000000000000000000000800380039E
:10A8B40080030000000000000001F8018001800115
:10A8C400800180018001800180018001800180017C
:10A8D40080018001F81F000000000000000000005B
:10A8E40000000000000000000000000000380038F4
:10A8F40000380000000000000010801F001800183D
:10A904000018001800180018001800180018001883
:10A9140000180018001800180018180C1806F00386
:10A924000000000000000000000010001E001800DD
:10A9340018001800180018001800183E180C180603
:10A94400180318019801D801380318071806180CC1
:10A95400181C18187E7C0000000000000000000095
:10A96400000000000000000000000001F801800168
:10A9740080018001800180018001800180018001CB
:10A9840080018001800180018001800180018001BB
:10A9940080018001F81F000000000000000000009A
:10A9A40000000000000000000000000000000000A3
:10A9B40000000000000000000800EE1C9C338C31F5
:10A9C4008C318C318C318C318C318C318C318C319B
:10A9D4008C318C31DE7B00000000000000000000A0
:10A9E4000000000000000000000000000000000063
:10A9F400000000000000000010001E0FD8183830BE
:10AA04001830183018301830183018301830183002
:10AA1400183018307EFC0000000000000000000028
:10AA24000000000000000000000000000000000022
:10AA340000000000000000000000C007701C10307F
:10AA440018300C600C600C600C600C600C601830EA
:10AA540018303018C007000000000000000000009B
:10AA640000000000000000000000000000000000E2
:10AA7400000000000000000010009E0F581838303D
:10AA84001820186018601860186018601860183072
:10AA940038307818980718001800180018007E003D
:10AAA40000000000000000000000000000000000A2
:10AAB40000000000000000000000C023303C1838F3
:10AAC40018300C300C300C300C300C300C3008309A
:10AAD4001838303CE033003000300030003000FCE7
:10AAE4000000000000000000000000000000000062
:10AAF400000000000000000060007E3C60666061B1
:10AB0400E000E00060006000600060006000600041
:10AB140060006000FE07000000000000000000006C
:10AB24000000000000000000000000000000000021
:10AB340000000000000000000000E027303818305A
:10AB4400182018007000E003800F001C043004304B
:10AB54000C301C18EC0F0000000000000000000086
:10AB640000000000000000000000000000000000E1
:10AB7400800080008000C000E000FC1FC000C00016
:10AB8400C000C000C000C000C000C000C000C020A1
:10AB9400C0208011000F0000000000000000000031
:10ABA40000000000000000000000000000000000A1
:10ABB400000000000000000010201E3C1830183077
:10ABC4001830183018301830183018301830183041
:10ABD400183830F4E013000000000000000000000A
:10ABE4000000000000000000000000000000000061
:10ABF400000000000000000000007E3C1818180847
:10AC0400380830043004700260026002E001C001C0
:10AC1400C001C0008000000000000000000000002F
:10AC24000000000000000000000000000000000020
:10AC340000000000000000000000DFF78E630C231A
:10AC44008C238C239813981358165816700E700E74
:10AC5400700E20042004000000000000000000002A
:10AC640000000000000000000000000000000000E0
:10AC740000000000000000000000FC3E70087004AA
:10AC8400E004C002C0018003800340076006200C7A
:10AC9400100C18183E7E00000000000000000000A8
:10ACA40000000000000000000000000000000000A0
:10ACB400000000000000000000007E7C1818180846
:10ACC40030083008300460046004C002C002C002CE
:10ACD4008001800180018000800080004C003C00E5
:10ACE4000000000000000000000000000000000060
:10ACF40000000000000000000000FC1F0C0C040E0B
:10AD04000406000380038001C000E00070203020AE
:10AD140038301C18FC1F0000000000000000000078
:10AD240000000000000000300008000400040004DB
:10AD340000040004000400040004000400040002F1
:10AD44008001000200040004000400040004000464
:10AD540000040004000400040004000800300000A3
:10AD640000010001000100010001000100010001D7
:10AD740000010001000100010001000100010001C7
:10AD840000010001000100010001000100010001B7
:10AD940000010001000100010001000100010001A7
:10ADA4000000000000000C00100020002000200023
:10ADB400200020002000200020002000200040006F
:10ADC40080014000200020002000200020002000FE
:10ADD4002000200020002000200010000C000000B3
:10ADE40000003800C400864002610022001C0000FC
:10ADF400000000000000000000000000000000004F
:10AE0400000000000000000000000000000000003E
:10AE1400000000000000000000000000000000002E
:10AE240000000000000000000102030406070809F6
:10AE340000000000010203040006101600061016AC
:10AE4400232D302B2000686C4C006566674546470F
:10AE54000030313233343536373839414243444592
:10AE64004600303132333435363738396162636401
:04AE7400656600000F
:08AE78005853FF7F01000000A8
:04AE8000B501000810
:04AE84009101000830
:10AE880000010203FFFF00000024F400100000008E
:10AE9800010000001800002000000000DC03002072
:10AEA80044040020AC040020000000000000000062
:10AEB800000000000000000000000000000000008A
:10AEC800000000000000000000000000000000007A
:10AED800000000000000000000000000000000006A
:04AEE8000000000066
:04000005080023E5E7
:00000001FF
